타입,지역구이름,비례순번,정당명,사진,이름(한자),성별,생년월일(연령),주소,직업,학력,경력,
지역구,종로구,해당없음,더불어민주당,http://info.nec.go.kr/photo_20200415/Gsg1101/Hb100136749/gicho/thumbnail.100136749.JPG,이낙연(李洛淵),남,1952.12.20(67세),서울특별시 종로구 송월길,정당인,서울대학교 법과대학 법학과 졸업,(현)민주당 코로나19국난극복위원장(전)제45대 국무총리,"54,902(58.38)"
지역구,중구성동구갑,해당없음,더불어민주당,http://info.nec.go.kr/photo_20200415/Gsg1104/Hb100137167/gicho/thumbnail.100137167.JPG,홍익표(洪翼杓),남,1967.11.20(52세),서울특별시 성동구 행당로,정치인,한양대학교 대학원 정치외교학과 졸업(정치학박사),(현)국회의원(제19대.20대)(전)더불어민주당 수석대변인,"70,387(54.25)"
지역구,중구성동구을,해당없음,더불어민주당,http://info.nec.go.kr/photo_20200415/Gsg1102/Hb100137489/gicho/thumbnail.100137489.JPG,박성준(朴省俊),남,1969.04.23(50세),서울특별시 중구 청파로,정당인,성균관대학교 정치외교학과 정치학 박사,(전) JTBC 아나운서(현)더불어민주당 중앙당 부대변인,"64,071(51.96)"
지역구,용산구,해당없음,미래통합당,http://info.nec.go.kr/photo_20200415/Gsg1103/Hb100134818/gicho/thumbnail.100134818.JPG,권영세(權寧世),남,1959.02.24(61세),서울특별시 용산구 이태원로27길,변호사,하버드대학교 케네디스쿨 졸업 (행정학석사 2000.7~2001.6),(전) 주중국대한민국 대사(전) 제16ㆍ17ㆍ18대 국회의원,"63,891(47.80)"
지역구,광진구갑,해당없음,더불어민주당,http://info.nec.go.kr/photo_20200415/Gsg1105/Hb100137525/gicho/thumbnail.100137525.JPG,전혜숙(全惠淑),여,1955.05.05(64세),서울특별시 광진구 광나루로,국회의원,성균관대학교 임상약학대학원 약학석사(사회약학),(현) 제20대 광진구갑 국회의원(현) 국회 행정안전위원회 위원장,"56,608(53.68)"
지역구,광진구을,해당없음,더불어민주당,http://info.nec.go.kr/photo_20200415/Gsg1105/Hb100137348/gicho/thumbnail.100137348.JPG,고민정(高旼廷),여,1979.08.23(40세),서울특별시 광진구 광나루로56길,정당인,경희대학교 외국어학부 동아시아어학과(중국어 전공) 졸업,(전) 문재인 정부 청와대 대변인(전) KBS 아나운서,"54,210(50.37)"
지역구,동대문구갑,해당없음,더불어민주당,http://info.nec.go.kr/photo_20200415/Gsg1106/Hb100137155/gicho/thumbnail.100137155.JPG,안규백(安圭伯),남,1961.04.29(58세),서울특별시 동대문구 한천로63길,국회의원,성균관대학교 무역대학원 무역학과 석사과정 수료,(현)제20대 동대문구갑 국회의원(현)국회 국방위원장,"51,551(52.72)"
지역구,동대문구을,해당없음,더불어민주당,http://info.nec.go.kr/photo_20200415/Gsg1106/Hb100136804/gicho/thumbnail.100136804.JPG,장경태(張耿態),남,1983.10.12(36세),서울특별시 동대문구 전농로27길,정당인,성균관대학교 국정전문대학원 행정학과 수료(박사학위과정),(현)문재인 대통령직속 국가균형발전위원회 국민소통특별위원(현)더불어민주당 도시교통특별위원장,"55,230(54.54)"
지역구,중랑구갑,해당없음,더불어민주당,http://info.nec.go.kr/photo_20200415/Gsg1107/Hb100135715/gicho/thumbnail.100135715.JPG,서영교(徐瑛敎),여,1964.11.11(55세),서울특별시 중랑구 면목로37길,국회의원,이화여자대학교대학원 동아시아학연구 비교정치경제전공 박사학위과정수료,(전)더불어민주당 원내수석부대표(현)제20대 국회의원,"55,185(57.76)"
지역구,중랑구을,해당없음,더불어민주당,http://info.nec.go.kr/photo_20200415/Gsg1107/Hb100137170/gicho/thumbnail.100137170.JPEG,박홍근(朴洪根),남,1969.10.08(50세),서울특별시 중랑구 봉화산로,제20대 국회의원,경희대학교 행정대학원 환경행정학과 졸업(행정학석사),"(현) 국회의원(제19대, 20대)(전) 더불어민주당 원내수석부대표","74,131(59.28)"
지역구,성북구갑,해당없음,더불어민주당,http://info.nec.go.kr/photo_20200415/Gsg1108/Hb100135069/gicho/thumbnail.100135069.JPG,김영배(金永培),남,1967.03.08(53세),서울특별시 성북구 고려대로2길,정당인,고려대학교 정치외교학과 졸업,"(전) 민선5기, 6기 성북구청장(전) 문재인대통령 청와대비서관(정책조정/민정)","82,954(60.90)"
지역구,성북구을,해당없음,더불어민주당,http://info.nec.go.kr/photo_20200415/Gsg1108/Hb100136215/gicho/thumbnail.100136215.JPG,기동민(奇東旻),남,1966.02.23(54세),서울특별시 성북구 숭인로,국회의원,성균관대학교 언론정보대학원 언론학 석사,(현)더불어민주당 서울 성북을 국회의원(전)서울시 정무부시장,"70,740(59.36)"
지역구,강북구갑,해당없음,더불어민주당,http://info.nec.go.kr/photo_20200415/Gsg1109/Hb100135984/gicho/thumbnail.100135984.JPG,천준호(千俊鎬),남,1971.02.15(49세),서울특별시 강북구 삼각산로,정당인,경희대학교 행정대학원 자치행정학과 졸업(행정학석사),(현)더불어민주당 강북갑 지역위원장(전)박원순 서울시장 비서실장,"49,490(57.75)"
지역구,강북구을,해당없음,더불어민주당,http://info.nec.go.kr/photo_20200415/Gsg1109/Hb100136273/gicho/thumbnail.100136273.JPG,박용진(朴用鎭),남,1971.04.17(48세),서울특별시 강북구 솔샘로,국회의원,성균관대학교 사회학과 졸업,(현)제20대 국회의원(전)민주당 대변인,"57,013(64.45)"
지역구,도봉구갑,해당없음,더불어민주당,http://info.nec.go.kr/photo_20200415/Gsg1110/Hb100137172/gicho/thumbnail.100137172.JPG,인재근(印在謹),여,1953.11.11(66세),서울특별시 도봉구 해등로3길,국회의원,이화여자대학교 사회학과 졸업,(현)도봉구갑 국회의원(현)김근태재단 이사장,"50,653(54.02)"
지역구,도봉구을,해당없음,더불어민주당,http://info.nec.go.kr/photo_20200415/Gsg1110/Hb100135075/gicho/thumbnail.100135075.JPG,오기형(吳奇炯),남,1966.11.25(53세),서울특별시 도봉구 도봉로150길,정당인,서울대학교 법과대학 공법학과 졸업,(현)더불어민주당 일본경제침략대책특별위원회 위원(현)더불어민주당 서울 도봉을 지역위원회 위원장,"51,756(53.01)"
지역구,노원구갑,해당없음,더불어민주당,http://info.nec.go.kr/photo_20200415/Gsg1111/Hb100136437/gicho/thumbnail.100136437.JPG,고용진(高榕禛),남,1964.08.06(55세),서울특별시 노원구 노원로,국회의원,서울대학교 언론정보학과 대학원 졸업(문학석사),(전) 노무현대통령 비서실 행정관(현) 노원갑 국회의원,"53,911(56.78)"
지역구,노원구을,해당없음,더불어민주당,http://info.nec.go.kr/photo_20200415/Gsg1111/Hb100136941/gicho/thumbnail.100136941.JPG,우원식(禹元植),남,1957.09.18(62세),서울특별시 노원구 공릉로70길,국회의원,연세대학교 공학대학원 환경공학전공 졸업 (공학석사),(전) 더불어민주당 원내대표(현) (사)홍범도장군기념사업회 이사장,"71,708(62.67)"
지역구,노원구병,해당없음,더불어민주당,http://info.nec.go.kr/photo_20200415/Gsg1111/Hb100137043/gicho/thumbnail.100137043.JPG,김성환(金星煥),남,1965.10.15(54세),서울특별시 노원구 노원로,국회의원,연세대학교 행정대학원 도시및지방행정전공 졸업(행정학 석사),"(현)20대 국회의원(전)민선5기,6기 노원구청장","55,556(53.15)"
지역구,은평구갑,해당없음,더불어민주당,http://info.nec.go.kr/photo_20200415/Gsg1112/Hb100137581/gicho/thumbnail.100137581.JPG,박주민(朴柱民),남,1973.11.21(46세),서울특별시 은평구 통일로,국회의원,서울대학교 법과대학 사법학과 졸업,(현)더불어민주당 최고위원(현)은평갑 국회의원,"86,351(64.29)"
지역구,은평구을,해당없음,더불어민주당,http://info.nec.go.kr/photo_20200415/Gsg1112/Hb100136909/gicho/thumbnail.100136909.JPG,강병원(姜炳遠),남,1971.07.09(48세),서울특별시 은평구 연서로,더불어민주당 서울은평구을 국회의원,서울대학교 농업생명과학대학 농경제학과 졸업(경제학사),(현)더불어민주당 서울은평구을 국회의원(전)서울대학교 총학생회장,"78,897(57.41)"
지역구,서대문구갑,해당없음,더불어민주당,http://info.nec.go.kr/photo_20200415/Gsg1113/Hb100137164/gicho/thumbnail.100137164.JPG,우상호(禹相虎),남,1962.12.12(57세),서울특별시 서대문구 통일로26길,국회의원,연세대학교 행정대학원 졸업(행정학 석사),(전)더불어민주당 원내대표(현)20대 국회의원,"47,980(53.24)"
지역구,서대문구을,해당없음,더불어민주당,http://info.nec.go.kr/photo_20200415/Gsg1113/Hb100136738/gicho/thumbnail.100136738.JPG,김영호(金映豪),남,1967.09.13(52세),서울특별시 서대문구 가재울미래로,국회의원,"북경대학교 국제학과 졸업(국제학 학사, 1993.09.~1997.07.)",(현)더불어민주당 서대문구을 국회의원(현)더불어민주당 원내부대표,"58,328(61.33)"
지역구,마포구갑,해당없음,더불어민주당,http://info.nec.go.kr/photo_20200415/Gsg1114/Hb100137015/gicho/thumbnail.100137015.JPG,노웅래(盧雄來),남,1957.08.03(62세),서울특별시 마포구 삼개로,국회의원,동국대학교 언론정보대학원 졸업 (언론학석사),(현) 제20대 국회의원(현) 국회 과학기술정보방송통신위원회 위원장,"53,160(56.00)"
지역구,마포구을,해당없음,더불어민주당,http://info.nec.go.kr/photo_20200415/Gsg1114/Hb100134834/gicho/thumbnail.100134834.JPG,정청래(鄭淸來),남,1965.04.18(54세),서울특별시 마포구 월드컵북로30길,정당인,서강대학교 공공정책대학원 북한통일정책학과 졸업(정치학석사),(전)제17대·19대 국회의원(마포구을선거구)(전)더불어민주당 최고위원,"69,336(53.75)"
지역구,양천구갑,해당없음,더불어민주당,http://info.nec.go.kr/photo_20200415/Gsg1115/Hb100136878/gicho/thumbnail.100136878.JPG,황희(黃熙),남,1967.07.28(52세),서울특별시 양천구 목동서로,국회의원 (국회 국토교통위원),연세대학교 대학원 도시공학과 공학박사,(전)노무현 대통령비서실 청와대 행정관(현)대통령직속4차위 스마트시티특위 위원,"78,196(51.85)"
지역구,양천구을,해당없음,더불어민주당,http://info.nec.go.kr/photo_20200415/Gsg1115/Hb100134903/gicho/thumbnail.100134903.JPG,이용선(李庸瑄),남,1958.02.12(62세),서울특별시 양천구 신정로13길,정당인,서울대학교 공과대학 토목공학과 졸업,(전)문재인정부 청와대 시민사회수석(전)민주통합당 공동대표,"66,759(57.54)"
지역구,강서구갑,해당없음,더불어민주당,http://info.nec.go.kr/photo_20200415/Gsg1116/Hb100137226/gicho/thumbnail.100137226.JPG,강선우(姜仙祐),여,1978.06.02(41세),서울특별시 강서구 곰달래로,정당인,"미국 위스콘신 주립대 졸업 (인간발달 및 가족학박사, 2006.9 ~ 2012.5)",(전)미국 사우스다코타주립대 교수(전)더불어민주당 상근부대변인,"63,397(55.89)"
지역구,강서구을,해당없음,더불어민주당,http://info.nec.go.kr/photo_20200415/Gsg1116/Hb100134996/gicho/thumbnail.100134996.JPG,진성준(陳聲準),남,1967.04.19(52세),서울특별시 강서구 공항대로39길,정당인,전북대학교 법학과 졸업,(전)서울특별시 정무부시장(전)제19대 국회의원,"66,684(56.15)"
지역구,강서구병,해당없음,더불어민주당,http://info.nec.go.kr/photo_20200415/Gsg1116/Hb100137251/gicho/thumbnail.100137251.JPG,한정애(韓貞愛),여,1965.01.08(55세),서울특별시 강서구 공항대로,국회의원,영국 노팅엄대학교 산업공학 박사(1999.9.~2003.4.),(현)강서구병 국회의원(전)더불어민주당 정책위원회 수석부의장,"64,515(59.92)"
지역구,구로구갑,해당없음,더불어민주당,http://info.nec.go.kr/photo_20200415/Gsg1117/Hb100137445/gicho/thumbnail.100137445.JPG,이인영(李仁榮),남,1964.06.28(55세),서울특별시 구로구 고척로,국회의원,고려대학교 언론대학원 석사과정 정보통신학과 졸업 (정보통신전공),"(현)더불어민주당 원내대표(전)국회의원(17대, 19대)","75,865(53.92)"
지역구,구로구을,해당없음,더불어민주당,http://info.nec.go.kr/photo_20200415/Gsg1117/Hb100136636/gicho/thumbnail.100136636.JPG,윤건영(尹健永),남,1969.09.26(50세),서울특별시 구로구 경인로,정당인,국민대학교 대학원 무역학과 국제경제전공 (경제학 석사),(전)문재인정부 대통령비서실 국정기획상황실장(전)노무현정부 대통령비서실 정무기획비서관,"56,065(57.04)"
지역구,금천구,해당없음,더불어민주당,http://info.nec.go.kr/photo_20200415/Gsg1118/Hb100137556/gicho/thumbnail.100137556.JPG,최기상(崔基相),남,1969.10.07(50세),서울특별시 금천구 독산로10길,정당인,서울대학교 경영학과 졸업,(현)더불어민주당 정책위원회 부의장(전)서울중앙지방법원 부장판사,"64,735(49.63)"
지역구,영등포구갑,해당없음,더불어민주당,http://info.nec.go.kr/photo_20200415/Gsg1119/Hb100137236/gicho/thumbnail.100137236.JPG,김영주(金榮珠),여,1955.07.27(64세),서울특별시 영등포구 문래로,국회의원,서강대학교 경제대학원 졸업(경제학석사),(현)국회의원(전)고용노동부 장관,"72,445(56.26)"
지역구,영등포구을,해당없음,더불어민주당,http://info.nec.go.kr/photo_20200415/Gsg1119/Hb100135281/gicho/thumbnail.100135281.JPG,김민석(金民錫),남,1964.05.29(55세),서울특별시 영등포구 63로,정당인,하버드대학교 케네디스쿨 행정학 석사(1994.09~1995.05),(전)제19대 문재인 대통령후보 종합상황본부장(전)제15·16대 국회의원,"47,075(50.26)"
지역구,동작구갑,해당없음,더불어민주당,http://info.nec.go.kr/photo_20200415/Gsg1120/Hb100136968/gicho/thumbnail.100136968.JPG,김병기(金炳基),남,1961.07.10(58세),서울특별시 동작구 알마타길,(현)동작구갑 국회의원,경희대학교 국민윤리학과 졸업,(전)국가정보원 25년근무(전)문재인대통령 국정기획자문위원회 위원,"70,290(55.29)"
지역구,동작구을,해당없음,더불어민주당,http://info.nec.go.kr/photo_20200415/Gsg1120/Hb100137485/gicho/thumbnail.100137485.JPEG,이수진(李秀眞),여,1969.11.03(50세),서울특별시 동작구 사당로17길,정당인,서울대학교 경제학과 졸업,(전)수원지방법원 부장판사(전)대법원 재판연구관,"61,407(52.16)"
지역구,관악구갑,해당없음,더불어민주당,http://info.nec.go.kr/photo_20200415/Gsg1121/Hb100135027/gicho/thumbnail.100135027.JPG,유기홍(柳基洪),남,1958.06.11(61세),서울특별시 관악구 성현로,정당인,서울대학교 국사학과 졸업,"(전)제17, 19대 국회의원(현)더불어민주당 교육특별위원회 위원장","83,479(55.92)"
지역구,관악구을,해당없음,더불어민주당,http://info.nec.go.kr/photo_20200415/Gsg1121/Hb100134875/gicho/thumbnail.100134875.JPG,정태호(鄭泰浩),남,1963.03.20(57세),서울특별시 관악구 난곡로,정당인,서울대학교 사회복지학과 졸업,(전)문재인대통령 비서실 일자리수석(전)노무현대통령 비서실 대변인,"72,531(53.90)"
지역구,서초구갑,해당없음,미래통합당,http://info.nec.go.kr/photo_20200415/Gsg1122/Hb100137518/gicho/thumbnail.100137518.JPG,윤희숙(尹喜淑),여,1970.02.07(50세),서울특별시 서초구 방배로25길,KDI 국제정책대학원 교수,콜럼비아대학교 경제학박사(1996.9.~2003.5.),(전)대통령직속 국민경제자문회의 자문위원(전)KDI 재정·복지정책연구부장,"72,896(62.60)"
지역구,서초구을,해당없음,미래통합당,http://info.nec.go.kr/photo_20200415/Gsg1122/Hb100136886/gicho/thumbnail.100136886.JPG,박성중(朴成重),남,1958.08.01(61세),서울특별시 서초구 방배로1길,국회의원,"성균관대학교 대학원 졸업(도시행정전공, 행정학박사)",(현)미래통합당 서초구을 국회의원(전)서초구청장,"74,445(53.66)"
지역구,강남구갑,해당없음,미래통합당,http://info.nec.go.kr/photo_20200415/Gsg1123/Hb100137336/gicho/thumbnail.100137336.JPG,태구민(太救民),남,1964.06.24(55세),서울특별시 강남구 논현로163길,외교정책 전문가,평양 국제관계대학 국제관계과 졸업(1980.4.~1984.8.),(전)영국주재 북한 대사관 공사(전)대한민국 국가안보전략연구원 자문연구위원,"60,324(58.40)"
지역구,강남구을,해당없음,미래통합당,http://info.nec.go.kr/photo_20200415/Gsg1123/Hb100137703/gicho/thumbnail.100137703.JPG,박진(朴振),남,1956.09.16(63세),서울특별시 강남구 자곡로,석좌교수,"영국 옥스퍼드 대학교 졸업(정치학박사,1985.10.~1994.3.)",(전)국회외교통상통일위원장(전)청와대 공보ㆍ정무 비서관,"51,762(50.94)"
지역구,강남구병,해당없음,미래통합당,http://info.nec.go.kr/photo_20200415/Gsg1123/Hb100137718/gicho/thumbnail.100137718.JPG,유경준(兪京濬),남,1961.06.17(58세),서울특별시 강남구 삼성로63길,대학교수,미국 코넬대학교 노동경제학과(경제학박사)(1991.8~1995.8),(전)KDI 수석이코노미스트(전)15대 통계청장,"70,917(65.38)"
지역구,송파구갑,해당없음,미래통합당,http://info.nec.go.kr/photo_20200415/Gsg1124/Hb100137272/gicho/thumbnail.100137272.JPG,김웅(金雄),남,1970.05.05(49세),서울특별시 송파구 올림픽로,정당인,서울대학교 사회과학대학 정치학과 졸업,(전)법무연수원 교수(전)부장검사,"58,318(51.20)"
지역구,송파구을,해당없음,미래통합당,http://info.nec.go.kr/photo_20200415/Gsg1124/Hb100134639/gicho/thumbnail.100134639.JPG,배현진(裵賢鎭),여,1983.11.06(36세),서울특별시 송파구 올림픽로,정당인,북한대학원대학교 북한학과 석사 수료,(전) MBC 뉴스데스크 앵커(현) 미래통합당 중앙선거대책위원회 대변인,"72,072(50.46)"
지역구,송파구병,해당없음,더불어민주당,http://info.nec.go.kr/photo_20200415/Gsg1124/Hb100136643/gicho/thumbnail.100136643.JPG,남인순(南仁順),여,1958.11.05(61세),서울특별시 송파구 위례광장로,국회의원,성공회대학교 시민사회복지대학원 사회복지학과 졸업(사회복지학석사),(현)송파병 국회의원(현)더불어민주당 최고위원,"78,789(52.49)"
지역구,강동구갑,해당없음,더불어민주당,http://info.nec.go.kr/photo_20200415/Gsg1125/Hb100136736/gicho/thumbnail.100136736.JPG,진선미(陳善美),여,1967.05.14(52세),서울특별시 강동구 양재대로,국회의원,성균관대학교 법학과 졸업,(전)여성가족부 장관(현)제20대 국회의원,"80,361(51.50)"
지역구,강동구을,해당없음,더불어민주당,http://info.nec.go.kr/photo_20200415/Gsg1125/Hb100135074/gicho/thumbnail.100135074.JPG,이해식(李海植),남,1963.11.13(56세),서울특별시 강동구 명일로,정당인,서울시립대학교 일반대학원 도시행정학과 박사과정 수료,(전) 서울특별시 강동구청장(현) 더불어민주당 대변인,"59,175(54.54)"
지역구,중구영도구,해당없음,미래통합당,http://info.nec.go.kr/photo_20200415/Gsg2604/Hb100137440/gicho/thumbnail.100137440.JPG,황보승희(皇甫承希),여,1976.08.05(43세),부산광역시 영도구 해안산책길,정당인,이화여자대학교 영어영문학과 졸업,(전)부산광역시의회의원(6/7대)(전)부산광역시의회 경제문화위원장,"47,436(51.86)"
지역구,서구동구,해당없음,미래통합당,http://info.nec.go.kr/photo_20200415/Gsg2602/Hb100134585/gicho/thumbnail.100134585.JPG,안병길(安炳吉),남,1962.02.02(58세),부산광역시 동구 홍곡로,안병길 원도심미래연구원 원장,동아대학교 대학원 졸업(행정학 박사),(전)부산일보 대표이사 사장(전)한국지방신문협회 회장,"63,855(56.04)"
지역구,부산진구갑,해당없음,미래통합당,http://info.nec.go.kr/photo_20200415/Gsg2605/Hb100137546/gicho/thumbnail.100137546.JPG,서병수(徐秉洙),남,1952.01.09(68세),부산광역시 부산진구 동평로150번길,정당인,노던일리노이대학교 박사과정 졸업(1983.9.~1987.12. 경제학박사),(전) 부산광역시장(전) 4선 국회의원,"52,037(48.51)"
지역구,부산진구을,해당없음,미래통합당,http://info.nec.go.kr/photo_20200415/Gsg2605/Hb100136537/gicho/thumbnail.100136537.JPG,이헌승(李憲昇),남,1963.05.11(56세),부산광역시 부산진구 백양대로208번길,부산진구을 국회의원,고려대학교 사회학과 졸업,"(현) 제19대, 20대 국회의원(전) 자유한국당 황교안 당대표 비서실장","55,754(55.03)"
지역구,동래구,해당없음,미래통합당,http://info.nec.go.kr/photo_20200415/Gsg2606/Hb100137435/gicho/thumbnail.100137435.JPG,김희곤(金熙坤),남,1964.12.17(55세),부산광역시 동래구 충렬대로107번길,정당인,연세대학교 행정대학원 졸업(행정학 석사),(전)해양수산부 장관 정책보좌관(전)청와대 기획조정실 근무,"81,722(51.85)"
지역구,남구갑,해당없음,미래통합당,http://info.nec.go.kr/photo_20200415/Gsg2607/Hb100134853/gicho/thumbnail.100134853.JPG,박수영(朴洙瑩),남,1964.01.07(56세),부산광역시 남구 수영로,한반도선진화재단 대표,하버드대학교 졸업(공공정책학 석사)(1994.09.~1996.06.),(전)경기도 행정1부지사(현)한반도선진화재단 대표,"43,805(53.57)"
지역구,남구을,해당없음,더불어민주당,http://info.nec.go.kr/photo_20200415/Gsg2607/Hb100135331/gicho/thumbnail.100135331.JPG,박재호(朴在昊),남,1959.02.13(61세),부산광역시 남구 분포로,제20대 국회의원,중앙대학교 행정대학원 졸업(행정학석사),(현)제20대 국회의원(전)노무현대통령 비서실 정무2비서관,"41,005(50.50)"
지역구,북구강서구갑,해당없음,더불어민주당,http://info.nec.go.kr/photo_20200415/Gsg2608/Hb100134887/gicho/thumbnail.100134887.JPG,전재수(田載秀),남,1971.04.20(48세),부산광역시 북구 백양대로1016번길,국회의원,동국대학교 대학원 정치학과 졸업,(전)청와대 제2부속실장(현)제20대 국회의원,"48,733(50.58)"
지역구,북구강서구을,해당없음,미래통합당,http://info.nec.go.kr/photo_20200415/Gsg2613/Hb100137828/gicho/thumbnail.100137828.JPG,김도읍(金度邑),남,1964.07.06(55세),부산광역시 북구 화명신도시로,국회의원,동아대학교 법학과 졸업,(현)국회의원(전)부산지검 공판부장 외사부장 검사,"76,054(52.03)"
지역구,해운대구갑,해당없음,미래통합당,http://info.nec.go.kr/photo_20200415/Gsg2609/Hb100137132/gicho/thumbnail.100137132.JPG,하태경(河泰慶),남,1968.06.19(51세),부산광역시 해운대구 대천로103번길,국회의원,중국 길림대학 경제학박사(세계경제 전공)(2000.9.~2004.6.),(전)새로운보수당 책임대표(현)제20대 국회의원,"78,971(59.47)"
지역구,해운대구을,해당없음,미래통합당,http://info.nec.go.kr/photo_20200415/Gsg2609/Hb100134694/gicho/thumbnail.100134694.JPG,김미애(金美愛),여,1969.10.06(50세),부산광역시 해운대구 선수촌로,변호사,동아대학교 법학부 졸업,(전)부산지방변호사회 수석부회장(현)해운대구청 공직자윤리위원회 위원장,"53,900(52.87)"
지역구,사하구갑,해당없음,더불어민주당,http://info.nec.go.kr/photo_20200415/Gsg2611/Hb100135316/gicho/thumbnail.100135316.JPG,최인호(崔仁昊),남,1966.10.15(53세),부산광역시 사하구 하신번영로,국회의원,부산대학교 대학원 정치외교학과 정치외교학전공 박사과정 수료,(현)제20대 국회의원(전)대통령 비서실 국내언론비서관,"39,875(50.00)"
지역구,사하구을,해당없음,미래통합당,http://info.nec.go.kr/photo_20200415/Gsg2611/Hb100137065/gicho/thumbnail.100137065.JPG,조경태(趙慶泰),남,1968.01.10(52세),부산광역시 사하구 다대로,국회의원,부산대학교 대학원졸업(공학박사),(현)제20대 국회의원(현)미래통합당 최고위원,"59,042(58.79)"
지역구,금정구,해당없음,미래통합당,http://info.nec.go.kr/photo_20200415/Gsg2612/Hb100135873/gicho/thumbnail.100135873.JPG,백종헌(白宗憲),남,1962.12.23(57세),부산광역시 금정구 수림로,(주)백산금속 대표이사,부산대학교 환경대학원 도시계획학과 졸업,(전)부산광역시의회 제7대의장(전)자유한국당 금정구 당협위원장,"77,048(54.19)"
지역구,연제구,해당없음,미래통합당,http://info.nec.go.kr/photo_20200415/Gsg2614/Hb100134629/gicho/thumbnail.100134629.GIF,이주환(李周桓),남,1967.08.20(52세),부산광역시 연제구 종합운동장로12번길,서호도시개발 대표이사,한국해양대학교 대학원 박사과정 수료,(현)미래통합당 연제구 조직위원장(현)미래통합당 부산시당 수석대변인,"64,640(50.95)"
지역구,수영구,해당없음,미래통합당,http://info.nec.go.kr/photo_20200415/Gsg2615/Hb100137475/gicho/thumbnail.100137475.JPG,전봉민(田奉珉),남,1972.10.21(47세),부산광역시 수영구 연수로315번길,기업인,동의대학교 대학원 건축공학과 박사과정 수료,(전) 부산시의회 부의장(현) 미래통합당 부산 수영구 조직위원장,"57,959(55.93)"
지역구,사상구,해당없음,미래통합당,http://info.nec.go.kr/photo_20200415/Gsg2616/Hb100137461/gicho/thumbnail.100137461.JPG,장제원(張済元),남,1967.04.13(53세),부산광역시 사상구 백양대로342번길,국회의원,중앙대학교 신문방송대학원 졸업(언론학석사),(현) 제20대 사상구 국회의원(전) 국회 예산결산특별위원회 간사,"66,353(52.03)"
지역구,기장군,해당없음,미래통합당,http://info.nec.go.kr/photo_20200415/Gsg2610/Hb100135686/gicho/thumbnail.100135686.JPG,정동만(鄭東萬),남,1965.07.18(54세),부산광역시 기장군 기장읍 차성동로116번길,정당인,부산대학교 경영대학원 졸업(경영학석사),(전)제6대 기장군의회의원(전)제7대 부산광역시의회의원,"42,634(49.63)"
지역구,중구남구,해당없음,미래통합당,http://info.nec.go.kr/photo_20200415/Gsg2704/Hb100137777/gicho/thumbnail.100137777.JPG,곽상도(郭尙道),남,1959.12.23(60세),대구광역시 남구 장전2길,국회의원,성균관대학교 법학과 법학석사 (공법전공),(전) 대통령비서실 민정수석실 민정수석비서관(현) 제20대 국회의원 (대구 중구남구/미래통합당),"86,470(67.49)"
지역구,동구갑,해당없음,미래통합당,http://info.nec.go.kr/photo_20200415/Gsg2702/Hb100135951/gicho/thumbnail.100135951.JPG,류성걸(柳性杰),남,1957.07.12(62세),대구광역시 동구 송라로10길,정당인,미국 시라큐즈대학교 대학원 경제학 박사과정 졸업(경제학박사)(1987.9-1991.12),(전)제19대 국회의원(전)기획재정부 제2차관,"56,444(69.59)"
지역구,동구을,해당없음,미래통합당,http://info.nec.go.kr/photo_20200415/Gsg2702/Hb100137103/gicho/thumbnail.100137103.JPG,강대식(姜大植),남,1959.11.02(60세),대구광역시 동구 금강로16길,정당인,영남대학교 대학원 경영학과 졸업(경영학박사),(전)동구청장(전)6대 동구의회(후반기)의장,"66,461(60.33)"
지역구,서구,해당없음,미래통합당,http://info.nec.go.kr/photo_20200415/Gsg2703/Hb100136735/gicho/thumbnail.100136735.JPG,김상훈(金相勳),남,1963.01.25(57세),대구광역시 서구 통학로,국회의원,"미국 오리건대학교 행정대학원 졸업(행정학석사, 2004.08.~2006.06.)",(현)제20대 국회의원(대구 서구/미래통합당)(현)미래통합당 정책위원회 부의장,"66,574(67.43)"
지역구,북구갑,해당없음,미래통합당,http://info.nec.go.kr/photo_20200415/Gsg2705/Hb100136490/gicho/thumbnail.100136490.JPG,양금희(梁琴喜),여,1961.11.15(58세),대구광역시 북구 동북로,정당인,경북대학교 공과대학 전자공학과 졸업,(전)한국여성유권자연맹 중앙회장(전)대검찰청 수사심의위원회 위원,"52,916(49.82)"
지역구,북구을,해당없음,미래통합당,http://info.nec.go.kr/photo_20200415/Gsg2705/Hb100134733/gicho/thumbnail.100134733.JPG,김승수(金承洙),남,1965.07.05(54세),대구광역시 북구 동천로,정당인,North Carolina State University  행정학 석사 졸업(2002년 가을학기~2004년 봄학기),(전)대구광역시  행정부시장(전)대통령실 기획관리실 선임행정관,"84,378(61.68)"
지역구,수성구갑,해당없음,미래통합당,http://info.nec.go.kr/photo_20200415/Gsg2706/Hb100137499/gicho/thumbnail.100137499.JPG,주호영(朱豪英),남,1960.12.10(59세),대구광역시 수성구 동원로,국회의원,영남대학교 대학원 법학과 졸업(법학박사),(현)제20대 국회의원(4선)(전)초대 특임장관,"92,018(59.81)"
지역구,수성구을,해당없음,무소속,http://info.nec.go.kr/photo_20200415/Gsg2706/Hb100137583/gicho/thumbnail.100137583.JPG,홍준표(洪準杓),남,1954.12.05(65세),대구광역시 수성구 들안로73길,정치인,고려대학교 법과대학 행정학과 졸업,(전)제19대 대통령선거 자유한국당 후보(전)자유한국당 대표,"40,015(38.51)"
지역구,달서구갑,해당없음,미래통합당,http://info.nec.go.kr/photo_20200415/Gsg2707/Hb100136327/gicho/thumbnail.100136327.JPG,홍석준(洪碩晙),남,1966.05.17(53세),대구광역시 달서구 성지로,계명대학교 특임교수,서울대학교 행정대학원 행정학과 졸업(행정학전공),(현)계명대학교 특임교수(전)대구광역시 경제국장,"54,700(57.61)"
지역구,달서구을,해당없음,미래통합당,http://info.nec.go.kr/photo_20200415/Gsg2707/Hb100137151/gicho/thumbnail.100137151.JPG,윤재옥(尹在玉),남,1961.09.10(58세),대구광역시 달서구 한실로,국회의원,경찰대학 법학과 졸업,(현)대구 달서구을 국회의원(전)경기지방경찰청장,"90,762(65.36)"
지역구,달서구병,해당없음,미래통합당,http://info.nec.go.kr/photo_20200415/Gsg2707/Hb100134785/gicho/thumbnail.100134785.JPG,김용판(金用判),남,1958.01.05(62세),대구광역시 달서구 구마로36길,정당인,영남대학교 상경대학 경제학과 졸업,(전)서울경찰청장(전)달서경찰서장,"46,988(55.79)"
지역구,달성군,해당없음,미래통합당,http://info.nec.go.kr/photo_20200415/Gsg2708/Hb100137176/gicho/thumbnail.100137176.JPG,추경호(秋慶鎬),남,1960.07.29(59세),대구광역시 달성군 화원읍 비슬로539길,국회의원,"미국 오리건대학교 대학원 졸업 (경제학석사, 1991.9.~1993.3.)",(현)달성군 국회의원(전)기획재정부 1차관,"88,846(67.33)"
지역구,중구강화군옹진군,해당없음,미래통합당,http://info.nec.go.kr/photo_20200415/Gsg2801/Hb100134804/gicho/thumbnail.100134804.JPG,배준영(裵俊英),남,1970.10.21(49세),인천광역시 중구 인항로,(사)인천경제연구원 이사장,연세대학교 정치외교학과 졸업,(전)제20대 국회의원선거 후보 (중구동구강화군옹진군선거구)(전)대한민국 국회 부대변인(2급상당),"62,484(50.28)"
지역구,동구미추홀구갑,해당없음,더불어민주당,http://info.nec.go.kr/photo_20200415/Gsg2803/Hb100136114/gicho/thumbnail.100136114.JPG,허종식(許琮植),남,1962.02.08(58세),인천광역시 미추홀구 한나루로550번길,정당인,인하대학교 국어국문학과 졸업,(전)인천광역시 균형발전정무부시장(현)더불어민주당 동구미추홀구갑지역위원장,"63,480(48.77)"
지역구,동구미추홀구을,해당없음,무소속,http://info.nec.go.kr/photo_20200415/Gsg2803/Hb100135981/gicho/thumbnail.100135981.JPG,윤상현(尹相現),남,1962.12.01(57세),인천광역시 미추홀구 매소홀로,국회의원,"미국 조지워싱턴대학교 졸업(정치학 박사, 90.9.~94.5.)",(현)인천 미추홀구을 국회의원(전)미국 존스홉킨스대학교 국제관계대학원 초빙조교수,"46,493(40.59)"
지역구,연수구갑,해당없음,더불어민주당,http://info.nec.go.kr/photo_20200415/Gsg2804/Hb100137009/gicho/thumbnail.100137009.JPG,박찬대(朴贊大),남,1967.05.10(52세),인천광역시 연수구 비류대로,국회의원,서울대학교 대학원 경영학과 졸업(경영학석사),(현) 국회의원(현) 더불어민주당 원내대변인,"45,479(56.87)"
지역구,연수구을,해당없음,더불어민주당,http://info.nec.go.kr/photo_20200415/Gsg2804/Hb100134866/gicho/thumbnail.100134866.JPG,정일영(鄭日永),남,1957.08.14(62세),인천광역시 연수구 센트럴로,정당인,영국 리즈대학교 경제학전공 박사과정 졸업(경제학박사 1994. 12 ~ 1997. 1),(전) 인천국제공항공사 사장(전) 국토해양부 교통정책실장,"52,806(41.78)"
지역구,남동구갑,해당없음,더불어민주당,http://info.nec.go.kr/photo_20200415/Gsg2805/Hb100136967/gicho/thumbnail.100136967.JPG,맹성규(孟聖奎),남,1962.05.16(57세),인천광역시 남동구 선수촌로,제20대 국회의원,한국항공대학교 대학원 졸업(법학박사),(전) 국토교통부 제2차관(현) 제20대 국회의원(남동구갑),"72,773(54.38)"
지역구,남동구을,해당없음,더불어민주당,http://info.nec.go.kr/photo_20200415/Gsg2805/Hb100137460/gicho/thumbnail.100137460.JPG,윤관석(尹官石),남,1960.08.17(59세),인천광역시 남동구 담방로,국회의원,한양대학교 신문학과 졸업,"(현) 제19, 20대 국회의원(남동구을)(현) 국회 국토교통위원회 간사","78,795(54.57)"
지역구,부평구갑,해당없음,더불어민주당,http://info.nec.go.kr/photo_20200415/Gsg2806/Hb100135262/gicho/thumbnail.100135262.JPG,이성만(李成萬),남,1961.11.04(58세),인천광역시 부평구 아트센터로,정당인,연세대학교 물리학과 졸업,(전)인천대 도시행정학과 겸임교수(현)더불어민주당 부평구갑 지역위원장,"77,460(56.68)"
지역구,부평구을,해당없음,더불어민주당,http://info.nec.go.kr/photo_20200415/Gsg2806/Hb100137617/gicho/thumbnail.100137617.JPG,홍영표(洪永杓),남,1957.04.30(62세),인천광역시 부평구 수변로,제20대 국회의원,동국대학교 대학원 행정학과 박사과정 수료,(전)더불어민주당 원내대표(전)국회 환경노동위원회 위원장,"74,264(56.13)"
지역구,계양구갑,해당없음,더불어민주당,http://info.nec.go.kr/photo_20200415/Gsg2807/Hb100136951/gicho/thumbnail.100136951.JPG,유동수(柳東秀),남,1961.09.18(58세),인천광역시 계양구 장제로663번길,국회의원,연세대학교 경영학과 졸업,(현)대한민국 국회 정무위원회 더불어민주당 간사(전)더불어민주당 원내부대표,"44,469(60.48)"
지역구,계양구을,해당없음,더불어민주당,http://info.nec.go.kr/photo_20200415/Gsg2807/Hb100137600/gicho/thumbnail.100137600.JPG,송영길(宋永吉),남,1963.03.21(57세),인천광역시 계양구 동양로,국회의원,연세대학교 상경대학 경영학과 졸업,"(전)민선 5기 인천광역시장(현)4선 국회의원(제16,17,18,20대)","51,821(58.67)"
지역구,서구갑,해당없음,더불어민주당,http://info.nec.go.kr/photo_20200415/Gsg2808/Hb100134948/gicho/thumbnail.100134948.JPG,김교흥(金敎興),남,1960.08.30(59세),인천광역시 서구 청라한울로,대한체육회 부회장(생활체육),동국대학교 대학원 정치학과 박사과정 수료,(전)인천광역시 정무부시장(전)국회사무총장(장관급),"76,072(53.23)"
지역구,서구을,해당없음,더불어민주당,http://info.nec.go.kr/photo_20200415/Gsg2808/Hb100137341/gicho/thumbnail.100137341.JPG,신동근(申東根),남,1961.12.22(58세),인천광역시 서구 봉화로,국회의원,서울대학교대학원 치의학과 박사과정 수료,(현)제20대 인천서구을 국회의원(전)인천광역시 정무부시장,"83,671(61.64)"
지역구,동구남구갑,해당없음,더불어민주당,http://info.nec.go.kr/photo_20200415/Gsg2903/Hb100134590/gicho/thumbnail.100134590.JPG,윤영덕(尹永德),남,1969.09.07(50세),광주광역시 남구 효우로60번길,정당인,중국 북경대학교 대학원 졸업 국제정치학 전공 법학박사(1999.9.~2005.7.),(전)문재인대통령 청와대 행정관(현)더불어민주당 광주동남갑지역위원장,"71,626(77.23)"
지역구,동구남구을,해당없음,더불어민주당,http://info.nec.go.kr/photo_20200415/Gsg2901/Hb100134753/gicho/thumbnail.100134753.JPG,이병훈(李炳勳),남,1957.03.18(63세),광주광역시 동구 동계로,정당인,전남대학교 일반대학원 행정학과 졸업(행정학박사),(전)문재인대통령후보 광주총괄선대본부장,"61,587(72.27)"
지역구,서구갑,해당없음,더불어민주당,http://info.nec.go.kr/photo_20200415/Gsg2902/Hb100137726/gicho/thumbnail.100137726.JPG,송갑석(宋甲錫),남,1966.10.10(53세),광주광역시 서구 내방로,정치인,전남대학교 경영대학 무역학과 졸업,(현)국회의원(현)더불어민주당 중앙당 대변인,"69,285(82.18)"
지역구,서구을,해당없음,더불어민주당,http://info.nec.go.kr/photo_20200415/Gsg2902/Hb100135072/gicho/thumbnail.100135072.JPEG,양향자(梁香子),여,1967.04.04(53세),광주광역시 서구 풍암2로,정당인,성균관대학교 대학원 졸업 (공학석사),(전)더불어민주당 최고위원(전)국가공무원인재개발원 원장,"61,279(75.83)"
지역구,북구갑,해당없음,더불어민주당,http://info.nec.go.kr/photo_20200415/Gsg2904/Hb100134673/gicho/thumbnail.100134673.JPG,조오섭(曺五燮),남,1968.07.19(51세),광주광역시 북구 문산로,정당인,전남대학교 사회과학대학 신문방송학과 졸업,(전)문재인대통령직속 국가균형발전위원회 대변인(현)더불어민주당 광주북구갑 지역위원장,"59,011(57.79)"
지역구,북구을,해당없음,더불어민주당,http://info.nec.go.kr/photo_20200415/Gsg2904/Hb100134797/gicho/thumbnail.100134797.JPG,이형석(李炯錫),남,1961.10.05(58세),광주광역시 북구 설죽로,정당인,전남대학교 일반대학원 석사과정(정치학과) 졸업,(현)더불어민주당 최고위원(전)노무현대통령 청와대 비서관,"108,229(78.82)"
지역구,광산구갑,해당없음,더불어민주당,http://info.nec.go.kr/photo_20200415/Gsg2905/Hb100134638/gicho/thumbnail.100134638.JPG,이용빈(李龍彬),남,1964.12.15(55세),광주광역시 광산구 선운로2번길,이용빈가정의학과 원장,전남대학교 의과대학 의학과 졸업,(전)문재인대통령 직속 국가균형발전위원회 자문위원(전)문재인대통령후보 광주공동선거대책위원장,"67,482(77.77)"
지역구,광산구을,해당없음,더불어민주당,http://info.nec.go.kr/photo_20200415/Gsg2905/Hb100134703/gicho/thumbnail.100134703.JPG,민형배(閔馨培),남,1961.06.15(58세),광주광역시 광산구 장덕로,정당인,전남대학교 일반대학원 사회학과 졸업 (사회학 박사),(전)문재인대통령 청와대 사회정책비서관(전)민선 5·6기 광산구청장,"96,808(84.05)"
지역구,동구,해당없음,더불어민주당,http://info.nec.go.kr/photo_20200415/Gsg3001/Hb100134631/gicho/thumbnail.100134631.JPEG,장철민(張喆敏),남,1983.05.16(36세),대전광역시 동구 동대전로46번길,정당인,서울대학교 정치학과 졸업,(전)더불어민주당 원내대표 정책조정실장(2급상당)(현)더불어민주당 정책위원회 부의장,"61,345(51.01)"
지역구,중구,해당없음,더불어민주당,http://info.nec.go.kr/photo_20200415/Gsg3002/Hb100136669/gicho/thumbnail.100136669.JPG,황운하(黃雲夏),남,1962.09.10(57세),대전광역시 중구 계룡로,정당인,성균관대학교 대학원 졸업(법학박사),(전)대전지방경찰청장(전)대전중부경찰서장,"66,306(50.30)"
지역구,서구갑,해당없음,더불어민주당,http://info.nec.go.kr/photo_20200415/Gsg3003/Hb100137585/gicho/thumbnail.100137585.JPG,박병석(朴炳錫),남,1952.01.25(68세),대전광역시 서구 정림서로,국회의원,한양대학교 대학원 박사과정 수료,(전)19대 국회부의장(전)서울특별시 정무부시장,"74,978(55.58)"
지역구,서구을,해당없음,더불어민주당,http://info.nec.go.kr/photo_20200415/Gsg3003/Hb100137456/gicho/thumbnail.100137456.JPG,박범계(朴範界),남,1963.04.27(56세),대전광역시 서구 둔지로,국회의원,연세대학교 법학과 졸업,(현)제20대 국회의원(전)대전지방법원 판사,"70,708(57.50)"
지역구,유성구갑,해당없음,더불어민주당,http://info.nec.go.kr/photo_20200415/Gsg3004/Hb100137602/gicho/thumbnail.100137602.JPG,조승래(趙承來),남,1968.02.21(52세),대전광역시 유성구 도안동로,국회의원,충남대학교 평화안보대학원 졸업(평화안보학석사),(현)제20대 국회의원(전)노무현정부 청와대 사회조정비서관,"55,463(56.52)"
지역구,유성구을,해당없음,더불어민주당,http://info.nec.go.kr/photo_20200415/Gsg3004/Hb100137037/gicho/thumbnail.100137037.JPG,이상민(李相珉),남,1958.01.22(62세),대전광역시 유성구 엑스포로,국회의원,충남대학교 법과대학 법학과 졸업,(현)국회의원(전)제19대 국회 법제사법위원회 위원장,"53,785(55.85)"
지역구,대덕구,해당없음,더불어민주당,http://info.nec.go.kr/photo_20200415/Gsg3005/Hb100134775/gicho/thumbnail.100134775.JPG,박영순(朴英淳),남,1964.12.07(55세),대전광역시 대덕구 중리서로41번길,정당인,충남대학교 대학원 석사과정 수료(동양철학전공),(전)대전광역시 정무부시장(전)문재인대통령 청와대 선임행정관,"47,652(49.39)"
지역구,중구,해당없음,미래통합당,http://info.nec.go.kr/photo_20200415/Gsg3101/Hb100136610/gicho/thumbnail.100136610.JPG,박성민(朴聖敏),남,1959.04.19(60세),울산광역시 중구 남외1길,정당인,울산대학교 정책대학원 졸업(행정학석사),(전)울산중구청장(전)전국 시장·군수·구청장협의회 회장,"69,359(54.04)"
지역구,남구갑,해당없음,미래통합당,http://info.nec.go.kr/photo_20200415/Gsg3102/Hb100137075/gicho/thumbnail.100137075.JPG,이채익(李埰益),남,1955.05.27(64세),울산광역시 남구 중앙로290번길,국회의원,울산대학교 일반대학원 졸업(행정학박사),(현)제20대 국회의원(현)제20대 국회 행정안전위원회 간사,"55,252(53.40)"
지역구,남구을,해당없음,미래통합당,http://info.nec.go.kr/photo_20200415/Gsg3102/Hb100136597/gicho/thumbnail.100136597.JPG,김기현(金起炫),남,1959.02.21(61세),울산광역시 남구 신선로,정당인,서울대학교 법학과 졸업,"(전)제17,18,19대 국회의원(전)제6대 울산광역시장","48,933(58.48)"
지역구,동구,해당없음,미래통합당,http://info.nec.go.kr/photo_20200415/Gsg3103/Hb100134681/gicho/thumbnail.100134681.JPG,권명호(權明浩),남,1961.01.10(59세),울산광역시 동구 화문로,정당인,울산대학교 정책대학원 졸업(행정학석사),(전) 제5대 울산광역시의회 후반기부의장(전) 제7대 울산광역시 동구청장,"33,845(38.36)"
지역구,북구,해당없음,더불어민주당,http://info.nec.go.kr/photo_20200415/Gsg3104/Hb100137085/gicho/thumbnail.100137085.JPEG,이상헌(李相憲),남,1954.07.10(65세),울산광역시 북구 천곡길,국회의원,동국대학교 대학원 호텔관광경영학 박사,(현)제20대 국회의원(현)더불어민주당 울산광역시당위원장,"54,215(46.34)"
지역구,울주군,해당없음,미래통합당,http://info.nec.go.kr/photo_20200415/Gsg3105/Hb100135110/gicho/thumbnail.100135110.JPG,서범수(徐範洙),남,1963.09.17(56세),울산광역시 울주군 범서읍 대리2길,정당인,부산대학교 대학원 행정학과 행정학전공 박사과정 수료,(전)울산지방경찰청장(현)미래통합당 울주군 당협위원장,"66,317(52.74)"
지역구,수원시갑,해당없음,더불어민주당,http://info.nec.go.kr/photo_20200415/Gsg4101/Hb100134971/gicho/thumbnail.100134971.JPG,김승원(金勝源),남,1969.07.08(50세),경기도 수원시 장안구 이목로,법무법인 호민 대표 변호사,서울대학교 법과대학 공법학과 졸업,(전) 수원지방법원 판사(전) 문재인대통령 청와대행정관(대통령비서실),"76,875(59.17)"
지역구,수원시을,해당없음,더불어민주당,http://info.nec.go.kr/photo_20200415/Gsg4102/Hb100137315/gicho/thumbnail.100137315.JPG,백혜련(白惠蓮),여,1967.02.17(53세),경기도 수원시 권선구 금곡로73번길,국회의원,고려대학교 문과대학 사회학과 졸업,(전)더불어민주당 대변인(현)제20대 수원시을 국회의원,"84,500(60.68)"
지역구,수원시병,해당없음,더불어민주당,http://info.nec.go.kr/photo_20200415/Gsg4103/Hb100137250/gicho/thumbnail.100137250.JPG,김영진(金榮鎭),남,1967.09.10(52세),경기도 수원시 팔달구 정자천로32번길,국회의원,중앙대학교 경영학과 졸업,(현) 국회의원(전) 더불어민주당 전략기획위원장,"50,369(53.07)"
지역구,수원시정,해당없음,더불어민주당,http://info.nec.go.kr/photo_20200415/Gsg4104/Hb100137627/gicho/thumbnail.100137627.JPG,박광온(朴洸瑥),남,1957.03.26(63세),경기도 수원시 영통구 센트럴파크로,국회의원,고려대학교 사회학과 졸업,(전)MBC 보도국장(현)더불어민주당 최고위원,"79,557(57.42)"
지역구,수원시무,해당없음,더불어민주당,http://info.nec.go.kr/photo_20200415/Gsg4102/Hb100137609/gicho/thumbnail.100137609.JPG,김진표(金振杓),남,1947.05.04(72세),경기도 수원시 영통구 덕영대로1484번길,국회의원,서울대학교 법과대학 법학과 졸업,(전)노무현정부 경제부총리(현)더불어민주당 비상경제대책본부장,"82,002(55.21)"
지역구,성남시수정구,해당없음,더불어민주당,http://info.nec.go.kr/photo_20200415/Gsg4105/Hb100137372/gicho/thumbnail.100137372.JPG,김태년(金太年),남,1965.03.20(55세),경기도 성남시 수정구 모란로,국회의원,경희대학교 행정대학원 졸업(행정학석사),(현)제20대 국회의원(3선)(전)더불어민주당 정책위의장,"76,830(60.31)"
지역구,성남시중원구,해당없음,더불어민주당,http://info.nec.go.kr/photo_20200415/Gsg4106/Hb100134597/gicho/thumbnail.100134597.JPG,윤영찬(尹永燦),남,1964.08.05(55세),경기도 성남시 중원구 희망로,정당인,서울대학교 사회과학대학 지리학과 졸업,(전)문재인대통령비서실 국민소통수석비서관(전)네이버 부사장,"65,947(54.62)"
지역구,성남시분당구갑,해당없음,미래통합당,http://info.nec.go.kr/photo_20200415/Gsg4107/Hb100137484/gicho/thumbnail.100137484.JPG,김은혜(金恩慧),여,1971.01.06(49세),경기도 성남시 분당구 판교원로82번길,정당인,연세대학교 언론홍보대학원 졸업(문학석사),(전) MBC 뉴스데스크 앵커(전) 청와대 대변인,"78,134(50.07)"
지역구,성남시분당구을,해당없음,더불어민주당,http://info.nec.go.kr/photo_20200415/Gsg4107/Hb100136741/gicho/thumbnail.100136741.JPG,김병욱(金炳旭),남,1965.04.15(55세),경기도 성남시 분당구 내정로,국회의원,고려대학교 경영대학원 졸업(경영학석사),(현)제20대 국회의원(현)더불어민주당 정책위 상임부의장,"68,387(47.94)"
지역구,의정부시갑,해당없음,더불어민주당,http://info.nec.go.kr/photo_20200415/Gsg4108/Hb100137459/gicho/thumbnail.100137459.JPG,오영환(吳永煥),남,1988.02.10(32세),경기도 의정부시 흥선로177번길,정당인,서울시립대학교 소방방재학과 졸업,(전) 중앙119구조본부 수도권특수구조대(현) 정당인,"54,806(53.03)"
지역구,의정부시을,해당없음,더불어민주당,http://info.nec.go.kr/photo_20200415/Gsg4108/Hb100135589/gicho/thumbnail.100135589.JPG,김민철(金敏徹),남,1967.11.18(52세),경기도 의정부시 오목로,정당인,연세대학교 대학원 졸업(통일학 석사),(전) 노무현정부 청와대행정관(현) 더불어민주당 의정부(을) 지역위원장,"71,573(55.98)"
지역구,안양시만안구,해당없음,더불어민주당,http://info.nec.go.kr/photo_20200415/Gsg4109/Hb100134894/gicho/thumbnail.100134894.JPG,강득구(姜得求),남,1963.05.27(56세),경기도 안양시 만안구 충훈로,정당인,연세대학교 행정대학원 졸업(행정학석사),(전)경기도연정부지사(전)경기도의회 의장,"75,266(53.60)"
지역구,안양시동안구갑,해당없음,더불어민주당,http://info.nec.go.kr/photo_20200415/Gsg4110/Hb100134637/gicho/thumbnail.100134637.JPG,민병덕(閔炳德),남,1970.12.20(49세),경기도 안양시 동안구 동편로68번길,변호사,서울대학교 정치학과 졸업,(현) 법무법인 민본 대표변호사(현) 더불어민주당 안양동안갑 지역위원회 위원장,"56,345(55.33)"
지역구,안양시동안구을,해당없음,더불어민주당,http://info.nec.go.kr/photo_20200415/Gsg4110/Hb100136265/gicho/thumbnail.100136265.JPG,이재정(李在汀),여,1974.08.02(45세),경기도 안양시 동안구 경수대로,국회의원,경북대학교 사법학과 졸업,(현) 더불어민주당 국회의원(현) 더불어민주당 대변인,"49,736(54.15)"
지역구,부천시갑,해당없음,더불어민주당,http://info.nec.go.kr/photo_20200415/Gsg4145/Hb100136410/gicho/thumbnail.100136410.JPG,김경협(金炅俠),남,1962.11.07(57세),경기도 부천시 길주로392번길,국회의원,고려대학교 노동대학원 졸업(경제학석사),"(현) 제19, 20대 국회의원(전) 노무현정부 청와대 비서관","48,002(59.17)"
지역구,부천시을,해당없음,더불어민주당,http://info.nec.go.kr/photo_20200415/Gsg4145/Hb100136412/gicho/thumbnail.100136412.JPG,설훈(薛勳),남,1953.04.23(66세),경기도 부천시 중동로,국회의원,고려대학교 사학과 졸업,"(현) 19, 20대 부천시을 국회의원(현) 더불어민주당 최고위원","80,889(54.90)"
지역구,부천시병,해당없음,더불어민주당,http://info.nec.go.kr/photo_20200415/Gsg4145/Hb100136312/gicho/thumbnail.100136312.JPG,김상희(金相姬),여,1954.05.18(65세),경기도 부천시 소사로78번길,국회의원,이화여자대학교 제약학과 졸업,"(현) 국회의원(제18,19,20대)(전) 문재인대통령직속 저출산·고령사회위원회 초대 부위원장","77,577(60.55)"
지역구,부천시정,해당없음,더불어민주당,http://info.nec.go.kr/photo_20200415/Gsg4145/Hb100135345/gicho/thumbnail.100135345.JPG,서영석(徐暎錫),남,1964.09.16(55세),경기도 부천시 길주로573번길,약사,성균관대학교 약학과 졸업,(현) 더불어민주당 중앙당 부대변인(전) 부천시 약사회장,"49,552(56.74)"
지역구,광명시갑,해당없음,더불어민주당,http://info.nec.go.kr/photo_20200415/Gsg4114/Hb100137404/gicho/thumbnail.100137404.JPG,임오경(林五卿),여,1971.12.11(48세),경기도 광명시 철산로,정당인,한국체육대학교 대학원 졸업(이학박사),(현)더불어민주당 정책위 부의장(전)대한민국 핸드볼 국가대표,"43,019(47.66)"
지역구,광명시을,해당없음,더불어민주당,http://info.nec.go.kr/photo_20200415/Gsg4114/Hb100134816/gicho/thumbnail.100134816.JPG,양기대(梁基大),남,1962.10.12(57세),경기도 광명시 디지털로,정당인,서울대학교 지리교육과 졸업,(전)광명시장(전)국립한국교통대학교 특임교수,"58,130(64.09)"
지역구,평택시갑,해당없음,더불어민주당,http://info.nec.go.kr/photo_20200415/Gsg4115/Hb100134584/gicho/thumbnail.100134584.JPG,홍기원(洪起元),남,1964.12.13(55세),경기도 평택시 송탄로,정당인,미국워싱턴대학교 대학원 졸업(1999. 9.~2001. 6. 경제학석사),(현)청와대 국가안보실 정책자문위원(전)터키 이스탄불 총영사,"62,564(50.22)"
지역구,평택시을,해당없음,미래통합당,http://info.nec.go.kr/photo_20200415/Gsg4115/Hb100137204/gicho/thumbnail.100137204.JPG,유의동(兪義東),남,1971.06.23(48세),경기도 평택시 현신3길,국회의원,미국 캘리포니아대학교 샌디에이고 대학원졸업(99.9.~01.6.태평양지역국제관계학석사),"(현)국회의원(19,20대)(현)국회 정무위원회 법안심사제2소위원회 위원장","59,491(47.67)"
지역구,동두천시연천군,해당없음,미래통합당,http://info.nec.go.kr/photo_20200415/Gsg4117/Hb100137142/gicho/thumbnail.100137142.JPG,김성원(金成願),남,1973.10.15(46세),경기도 동두천시 동광로,제20대 국회의원(동두천시연천군),고려대학교 대학원 토목환경공학과 졸업 (공학박사),(전) 국회의장 정무비서관(현) 미래통합당 대변인,"38,777(53.61)"
지역구,안산시상록구갑,해당없음,더불어민주당,http://info.nec.go.kr/photo_20200415/Gsg4118/Hb100136987/gicho/thumbnail.100136987.JPG,전해철(全海澈),남,1962.05.18(57세),경기도 안산시 상록구 해양1로,국회의원,고려대학교 법학과 졸업,(전)노무현정부 청와대 민정수석(전)더불어민주당 최고위원,"59,021(58.55)"
지역구,안산시상록구을,해당없음,더불어민주당,http://info.nec.go.kr/photo_20200415/Gsg4118/Hb100137430/gicho/thumbnail.100137430.JPG,김철민(金哲玟),남,1957.02.15(63세),경기도 안산시 상록구 안산천남1로,정치인,한양대학교 산업경영디자인대학원(현 융합산업대학원) 졸업(경영학 석사),(전)민선5기 안산시장(현)제20대 국회의원,"43,599(57.77)"
지역구,안산시단원구갑,해당없음,더불어민주당,http://info.nec.go.kr/photo_20200415/Gsg4119/Hb100135146/gicho/thumbnail.100135146.JPG,고영인(高永寅),남,1963.07.07(56세),경기도 안산시 단원구 선부광장북로,신안산대학교 산업경영과 초빙교수,고려대학교 건축공학과 졸업,(현)더불어민주당 안산단원갑 지역위원장(현)신안산대학교 산업경영과 초빙교수,"42,009(55.74)"
지역구,안산시단원구을,해당없음,더불어민주당,http://info.nec.go.kr/photo_20200415/Gsg4119/Hb100137493/gicho/thumbnail.100137493.JPG,김남국(金南局),남,1982.10.22(37세),경기도 안산시 단원구 광덕서로,변호사,서울대학교 대학원 수료(법학 박사 과정),(전)참여연대 민생희망본부 실행위원(현)더불어민주당 부대변인,"42,150(51.32)"
지역구,고양시갑,해당없음,정의당,http://info.nec.go.kr/photo_20200415/Gsg4120/Hb100137089/gicho/thumbnail.100137089.JPG,심상정(沈相奵),여,1959.02.20(61세),경기도 고양시 덕양구 신원로,국회의원,서울대학교 사회교육학과 졸업,(현)국회의원(현)정의당 대표,"56,516(39.38)"
지역구,고양시을,해당없음,더불어민주당,http://info.nec.go.kr/photo_20200415/Gsg4120/Hb100137385/gicho/thumbnail.100137385.JPG,한준호(韓俊鎬),남,1974.02.20(46세),경기도 고양시 덕양구 용현로,더불어민주당 정책위원회 부의장,가톨릭대학교 글로벌융합대학원 졸업(한류MBA 석사),(전)문재인정부 대통령비서실 국민소통수석실 행정관(전)MBC 문화방송 아나운서,"80,739(52.47)"
지역구,고양시병,해당없음,더불어민주당,http://info.nec.go.kr/photo_20200415/Gsg4121/Hb100137188/gicho/thumbnail.100137188.JPG,홍정민(洪貞敏),여,1978.11.24(41세),경기도 고양시 일산동구 경의로,변호사,서울대학교 대학원 졸업(경제학 박사),(전)삼성경제연구소 수석연구원(현)로스토리법률사무소 대표변호사,"80,068(54.26)"
지역구,고양시정,해당없음,더불어민주당,http://info.nec.go.kr/photo_20200415/Gsg4122/Hb100137309/gicho/thumbnail.100137309.JPG,이용우(李龍雨),남,1964.02.01(56세),경기도 고양시 일산서구 킨텍스로,정당인,서울대학교 대학원 졸업(경제학박사),(전)한국카카오은행 공동대표(현)더불어민주당 규제혁신특별위원회 위원장,"85,943(53.42)"
지역구,의왕시과천시,해당없음,더불어민주당,http://info.nec.go.kr/photo_20200415/Gsg4124/Hb100137284/gicho/thumbnail.100137284.JPG,이소영(李素永),여,1985.02.10(35세),경기도 의왕시 백운중앙로,변호사,서울대학교 대학원 수료(법학과 석사과정),(전)대통령직속 국가기후환경회의 저감위원회 전문위원(전)김앤장 법률사무소 변호사,"58,938(43.38)"
지역구,구리시,해당없음,더불어민주당,http://info.nec.go.kr/photo_20200415/Gsg4125/Hb100136733/gicho/thumbnail.100136733.JPG,윤호중(尹昊重),남,1963.03.27(57세),경기도 구리시 건원대로,국회의원,서울대학교 철학과 졸업,(현)제20대 구리시 국회의원(현)더불어민주당 사무총장,"64,668(58.64)"
지역구,남양주시갑,해당없음,더불어민주당,http://info.nec.go.kr/photo_20200415/Gsg4126/Hb100137049/gicho/thumbnail.100137049.JPG,조응천(趙應天),남,1962.09.17(57세),경기도 남양주시 호평로,국회의원,서울대학교 법과대학 공법학과 졸업,(현)남양주시갑 국회의원(전)청와대 공직기강비서관,"59,779(57.95)"
지역구,남양주시을,해당없음,더불어민주당,http://info.nec.go.kr/photo_20200415/Gsg4126/Hb100137031/gicho/thumbnail.100137031.JPG,김한정(金漢正),남,1963.09.06(56세),경기도 남양주시 별내3로,국회의원,서울대학교 국제경제학과 졸업,(현)제20대 국회의원(전)청와대 제1부속실장(김대중 대통령),"68,660(59.08)"
지역구,남양주시병,해당없음,더불어민주당,http://info.nec.go.kr/photo_20200415/Gsg4126/Hb100137071/gicho/thumbnail.100137071.JPG,김용민(金容民),남,1976.06.05(43세),경기도 남양주시 도농로,변호사,한국과학기술원(KAIST) 대학원 졸업 (공학석사),(전)법무부 2기 법무검찰개혁위원회 위원(전)한양대학교 법학전문대학원 겸임교수,"71,776(50.08)"
지역구,오산시,해당없음,더불어민주당,http://info.nec.go.kr/photo_20200415/Gsg4127/Hb100137506/gicho/thumbnail.100137506.JPG,안민석(安敏錫),남,1966.08.13(53세),경기도 오산시 수목원로,제20대 국회의원,"미국 노던콜로라도 대학교대학원 졸업(교육학박사, 1990.9.~1993.5)",(전)제19대 대선 문재인후보 선대위 직능본부장(현)제20대 국회의원(국회 문화체육관광위원장),"61,926(56.71)"
지역구,시흥시갑,해당없음,더불어민주당,http://info.nec.go.kr/photo_20200415/Gsg4129/Hb100135209/gicho/thumbnail.100135209.JPG,문정복(文貞福),여,1967.01.10(53세),경기도 시흥시 은행로,정당인,이화여자대학교 정책과학대학원 재학중(정책과학과 석사학위과정),(전)청와대 대통령 비서실 선임행정관(전)백원우국회의원 보좌관,"68,653(51.71)"
지역구,시흥시을,해당없음,더불어민주당,http://info.nec.go.kr/photo_20200415/Gsg4129/Hb100137422/gicho/thumbnail.100137422.JPG,조정식(趙正湜),남,1963.12.25(56세),경기도 시흥시 함송로29번길,국회의원,연세대학교 행정대학원 졸업(행정학 석사),(전)제20대 국회 전반기 국토교통위원회 위원장(현)더불어민주당 정책위원회 의장,"69,270(67.02)"
지역구,군포시,해당없음,더불어민주당,http://info.nec.go.kr/photo_20200415/Gsg4130/Hb100137486/gicho/thumbnail.100137486.JPG,이학영(李學永),남,1952.04.16(68세),경기도 군포시 산본로432번길,국회의원,전남대학교 일반대학원 박사과정 수료(NGO협동과정),(현)군포시을 더불어민주당 국회의원(전)한국YMCA 전국연맹 사무총장,"91,256(57.41)"
지역구,하남시,해당없음,더불어민주당,http://info.nec.go.kr/photo_20200415/Gsg4131/Hb100134652/gicho/thumbnail.100134652.JPG,최종윤(崔種允),남,1966.02.27(54세),경기도 하남시 대청로116번길,더불어민주당 하남지역위원회 위원장,고려대학교 노어노문학과 졸업,(전)서울특별시 정무수석 비서관(전)단국대학교 겸임교수,"76,572(50.77)"
지역구,용인시갑,해당없음,미래통합당,http://info.nec.go.kr/photo_20200415/Gsg4135/Hb100134574/gicho/thumbnail.100134574.JPG,정찬민(鄭燦敏),남,1958.05.16(61세),경기도 용인시 처인구 남사면 한숲로,정당인,경희대학교 테크노경영대학원 졸업(경영학석사),(전)7대 용인시장(전)중앙일보 수도권 취재본부장,"69,826(53.14)"
지역구,용인시을,해당없음,더불어민주당,http://info.nec.go.kr/photo_20200415/Gsg4137/Hb100137311/gicho/thumbnail.100137311.JPEG,김민기(金敏基),남,1966.04.28(53세),경기도 용인시 기흥구 한보라2로,국회의원,고려대학교 농업경제학과 졸업,(현)제19·20대 용인시을 국회의원(현)국회 정보위원장,"89,697(60.08)"
지역구,용인시병,해당없음,더불어민주당,http://info.nec.go.kr/photo_20200415/Gsg4136/Hb100136326/gicho/thumbnail.100136326.JPG,정춘숙(鄭春淑),여,1964.01.08(56세),경기도 용인시 수지구 수지로342번길,제20대 비례대표 국회의원,강남대학교 사회복지전문대학원 졸업(사회복지학 박사),(현)제20대 국회 더불어민주당 원내대변인(현)더불어민주당 코로나19 국난극복위원회 돌봄교육TF단장,"84,492(51.56)"
지역구,용인시정,해당없음,더불어민주당,http://info.nec.go.kr/photo_20200415/Gsg4137/Hb100137192/gicho/thumbnail.100137192.JPG,이탄희(李誕熙),남,1978.11.03(41세),경기도 용인시 기흥구 연원로42번길,변호사,"미국 하버드대학교 졸업(법학 석사과정, 2014. 08.~2015. 05., 법학 석사)",(전) 서울중앙지방법원 판사(전) 공익인권법재단 공감 소속변호사,"79,794(53.46)"
지역구,파주시갑,해당없음,더불어민주당,http://info.nec.go.kr/photo_20200415/Gsg4132/Hb100136645/gicho/thumbnail.100136645.JPG,윤후덕(尹厚德),남,1957.01.09(63세),경기도 파주시 가온로,국회의원,연세대학교 경제대학원 공공발전전공 졸업(경제학석사),(현)파주시갑 재선 국회의원(전)노무현 대통령 정책조정비서관,"85,058(60.93)"
지역구,파주시을,해당없음,더불어민주당,http://info.nec.go.kr/photo_20200415/Gsg4132/Hb100136668/gicho/thumbnail.100136668.JPG,박정(朴釘),남,1962.11.19(57세),경기도 파주시 월롱면 검바위길,국회의원,서울대학교 대학원 졸업(이학석사),(현)제20대 국회의원(경기 파주시을)(전)제19대 대통령선거 더불어민주당 문재인 후보 중앙선거대책위원회 총괄부본부장,"48,569(54.33)"
지역구,이천시,해당없음,미래통합당,http://info.nec.go.kr/photo_20200415/Gsg4134/Hb100136096/gicho/thumbnail.100136096.JPG,송석준(宋錫俊),남,1964.03.10(56세),경기도 이천시 이섭대천로1419번길,국회의원,"미국 미주리대학교 경제학과 졸업(경제학박사과정, 2002.08~2005.05 경제학박사)",(현)미래통합당 원내부대표(현)미래통합당 경기도당위원장,"56,544(51.99)"
지역구,안성시,해당없음,더불어민주당,http://info.nec.go.kr/photo_20200415/Gsg4138/Hb100134842/gicho/thumbnail.100134842.JPG,이규민(李圭閔),남,1968.05.10(51세),경기도 안성시 삼죽면 달골길,정당인,동국대학교 국어국문학과 졸업,(전) 제20대 국회의원선거 더불어민주당 안성시 후보(현)더불어민주당 중앙당 부대변인,"49,721(51.44)"
지역구,김포시갑,해당없음,더불어민주당,http://info.nec.go.kr/photo_20200415/Gsg4139/Hb100137185/gicho/thumbnail.100137185.JPG,김주영(金周暎),남,1961.10.15(58세),경기도 김포시 태장로,정당인,서울과학종합대학원대학교 졸업(경영학박사),(현)제21대총선 더불어민주당 공동선대위원장(현)더불어민주당 정책위원회 부의장,"58,613(52.88)"
지역구,김포시을,해당없음,더불어민주당,http://info.nec.go.kr/photo_20200415/Gsg4139/Hb100134929/gicho/thumbnail.100134929.JPG,박상혁(朴商赫),남,1973.03.20(47세),경기도 김포시 김포한강11로,김포와더불어 법률사무소 대표변호사,한양대학교 법학과 졸업,(전)문재인정부 청와대 행정관(전)서울시 정무보좌관,"63,193(53.83)"
지역구,화성시갑,해당없음,더불어민주당,http://info.nec.go.kr/photo_20200415/Gsg4128/Hb100136459/gicho/thumbnail.100136459.JPG,송옥주(宋玉珠),여,1965.12.20(54세),경기도 화성시 향남읍 발안서로,국회의원,연세대학교 행정대학원 졸업(행정학 석사),(현)국회의원(현)더불어민주당 화성갑 지역위원장,"58,689(49.65)"
지역구,화성시을,해당없음,더불어민주당,http://info.nec.go.kr/photo_20200415/Gsg4128/Hb100137545/gicho/thumbnail.100137545.JPG,이원욱(李元旭),남,1963.03.20(57세),경기도 화성시 동탄반석로,국회의원,고려대학교 법학과 졸업,(현)20대 국회의원(현)노무현재단 기획위원,"98,612(64.53)"
지역구,화성시병,해당없음,더불어민주당,http://info.nec.go.kr/photo_20200415/Gsg4128/Hb100137257/gicho/thumbnail.100137257.JPG,권칠승(權七勝),남,1965.11.18(54세),경기도 화성시 병점2로,국회의원,고려대학교 경제학과 졸업,(전)노무현 대통령 청와대 행정관(현)국회의원(화성시병),"88,793(64.45)"
지역구,광주시갑,해당없음,더불어민주당,http://info.nec.go.kr/photo_20200415/Gsg4140/Hb100136073/gicho/thumbnail.100136073.JPG,소병훈(蘇秉勳),남,1954.06.03(65세),경기도 광주시 회안대로,국회의원,성균관대학교 철학과 졸업,(현)제20대 국회의원(광주시갑)(현)더불어민주당 제2사무부총장(조직),"53,221(56.15)"
지역구,광주시을,해당없음,더불어민주당,http://info.nec.go.kr/photo_20200415/Gsg4140/Hb100137425/gicho/thumbnail.100137425.JPG,임종성(林鍾聲),남,1965.08.05(54세),경기도 광주시 오포읍 능평로156번길,국회의원,한양대학교 행정·자치대학원 졸업(사회복지학석사),(현)제20대 경기 광주시(을) 국회의원 (현)제20대 국회 국토교통위원회·예산결산특별위원회 위원,"52,468(56.88)"
지역구,양주시,해당없음,더불어민주당,http://info.nec.go.kr/photo_20200415/Gsg4116/Hb100137490/gicho/thumbnail.100137490.JPG,정성호(鄭成湖),남,1962.06.02(57세),경기도 양주시 고암길,국회의원,서울대학교 법과대학 사법학과 졸업,"(전) 국회 기획재정위원장(현) 3선 국회의원(제17,19,20대)","69,905(62.64)"
지역구,포천시가평군,해당없음,미래통합당,http://info.nec.go.kr/photo_20200415/Gsg4141/Hb100135625/gicho/thumbnail.100135625.JPG,최춘식(崔春植),남,1956.03.14(64세),경기도 포천시 관인면 창동로,정당인,한경대학교 국제개발협력대학원 졸업(경영학 석사),(현)미래통합당 경기도당부위원장(전)경기도의회의원,"54,771(50.25)"
지역구,여주시양평군,해당없음,미래통합당,http://info.nec.go.kr/photo_20200415/Gsg4133/Hb100134841/gicho/thumbnail.100134841.JPG,김선교(金善敎),남,1960.09.18(59세),경기도 양평군 옥천면 서촌길,정당인,고려대학교 정책대학원 졸업(경제학석사),(전)양평군수 3선(전)자유한국당 여주시양평군 당원협의회 위원장,"70,575(54.97)"
지역구,춘천시철원군화천군양구군갑,해당없음,더불어민주당,http://info.nec.go.kr/photo_20200415/Gsg4201/Hb100134571/gicho/thumbnail.100134571.JPG,허영(許榮),남,1970.03.29(50세),강원도 춘천시 동내면 거두택지길4번길,정당인,고려대학교 정책대학원 석사과정 국제관계학과 수료,(현)더불어민주당 강원도당위원장(전)박원순 서울시장 비서실장 및 정무수석,"66,932(51.32)"
지역구,춘천시철원군화천군양구군을,해당없음,미래통합당,http://info.nec.go.kr/photo_20200415/Gsg4201/Hb100134586/gicho/thumbnail.100134586.JPG,한기호(韓起鎬),남,1952.08.13(67세),강원도 철원군 갈말읍 호국로,정당인,육군사관학교 졸업,(전)18.19대 국회의원(전)새누리당 강원도당 위원장,"43,083(52.07)"
지역구,원주시갑,해당없음,더불어민주당,http://info.nec.go.kr/photo_20200415/Gsg4202/Hb100137402/gicho/thumbnail.100137402.JPG,이광재(李光宰),남,1965.02.28(55세),강원도 원주시 지정면 신지정로,정당인,연세대학교 법과대학 법학과 졸업,(전)35대 강원도지사(전)17·18대 국회의원,"45,224(48.56)"
지역구,원주시을,해당없음,더불어민주당,http://info.nec.go.kr/photo_20200415/Gsg4202/Hb100137752/gicho/thumbnail.100137752.JPG,송기헌(宋基憲),남,1963.10.02(56세),강원도 원주시 소초면 범골길,국회의원,서울대학교 법과대학 공법학과 졸업,(전)서울지방검찰청 검사(현)국회 법제사법위원회 간사,"48,772(53.88)"
지역구,강릉시,해당없음,무소속,http://info.nec.go.kr/photo_20200415/Gsg4203/Hb100137091/gicho/thumbnail.100137091.JPG,권성동(權性東),남,1960.04.29(59세),강원도 강릉시 화부산로99번길,국회의원,중앙대학교 법과대학 법학과 졸업,(전)국회법제사법위원장(전)새누리당 사무총장,"49,618(40.84)"
지역구,동해시태백시삼척시정선군,해당없음,미래통합당,http://info.nec.go.kr/photo_20200415/Gsg4204/Hb100137528/gicho/thumbnail.100137528.JPG,이철규(李喆圭),남,1957.09.20(62세),강원도 동해시 평원로,국회의원,한양대학교 행정대학원 졸업(행정학석사),(현)제20대 국회의원(전)제25대 경기지방경찰청장,"71,604(53.60)"
지역구,속초시인제군고성군양양군,해당없음,미래통합당,http://info.nec.go.kr/photo_20200415/Gsg4208/Hb100137092/gicho/thumbnail.100137092.JPG,이양수(李亮壽),남,1967.08.15(52세),강원도 속초시 소평로,국회의원,고려대학교 불어불문학과 졸업,(전)청와대 정무수석실 행정관(현)제20대 국회의원,"50,188(52.56)"
지역구,홍천군횡성군영월군평창군,해당없음,미래통합당,http://info.nec.go.kr/photo_20200415/Gsg4214/Hb100136875/gicho/thumbnail.100136875.JPG,유상범(劉相凡),남,1966.06.04(53세),강원도 영월군 영월읍 분수대길,변호사,서울대학교 법과대학 사법학과 졸업,(전) 제33대 창원지방검찰청 검사장(현)법무법인 문평 대표변호사,"55,975(48.59)"
지역구,청주시상당구,해당없음,더불어민주당,http://info.nec.go.kr/photo_20200415/Gsg4301/Hb100134650/gicho/thumbnail.100134650.JPG,정정순(鄭正淳),남,1958.01.19(62세),충청북도 청주시 상당구 수영로,정당인,청주대학교 대학원 행정학과 박사과정 수료,(전)충청북도 행정부지사(현)더불어민주당 상당구지역위원장,"45,707(47.09)"
지역구,청주시서원구,해당없음,더불어민주당,http://info.nec.go.kr/photo_20200415/Gsg4314/Hb100136234/gicho/thumbnail.100136234.JPG,이장섭(李將燮),남,1963.05.14(56세),충청북도 청주시 서원구 경신로,정당인,충북대학교 국어국문학과 졸업,(전)충청북도 정무부지사(전)청와대 산업정책비서관실 선임행정관,"54,118(49.86)"
지역구,청주시흥덕구,해당없음,더불어민주당,http://info.nec.go.kr/photo_20200415/Gsg4302/Hb100137418/gicho/thumbnail.100137418.JPG,도종환(都鍾煥),남,1955.09.27(64세),충청북도 청주시 흥덕구 대신로73번길,국회의원,충남대학교 대학원 졸업(문학박사),(현)제20대 국회의원(전)문재인정부 초대 문화체육관광부 장관,"74,900(55.80)"
지역구,청주시청원구,해당없음,더불어민주당,http://info.nec.go.kr/photo_20200415/Gsg4306/Hb100137147/gicho/thumbnail.100137147.JPG,변재일(卞在一),남,1948.09.02(71세),충청북도 청주시 청원구 오창읍 오창중앙로,국회의원,미국 펜실베니아대학교 대학원 정치학과 졸업(정치학 석사)(1981.9.- 1983.5.),(현)국회의원(현)더불어민주당 충청북도당 위원장,"51,028(52.99)"
지역구,충주시,해당없음,미래통합당,http://info.nec.go.kr/photo_20200415/Gsg4303/Hb100137276/gicho/thumbnail.100137276.JPG,이종배(李鍾培),남,1957.05.30(62세),충청북도 충주시 봉계1길,국회의원,고려대학교 법과대학 행정학과 졸업,(전) 충주시장(현) 제20대 국회의원,"59,667(52.25)"
지역구,제천시단양군,해당없음,미래통합당,http://info.nec.go.kr/photo_20200415/Gsg4304/Hb100134581/gicho/thumbnail.100134581.JPG,엄태영(嚴泰永),남,1958.01.22(62세),충청북도 제천시 용두천로44길,정당인,명지대학교 대학원 정치외교학과 박사과정 수료,(전)제천시장(현)미래통합당 제천시단양군 당원협의회 운영위원장,"51,174(54.10)"
지역구,보은군옥천군영동군괴산군,해당없음,미래통합당,http://info.nec.go.kr/photo_20200415/Gsg4307/Hb100136727/gicho/thumbnail.100136727.JPG,박덕흠(朴德欽),남,1953.10.18(66세),충청북도 옥천군 옥천읍 동부로,국회의원,한양대학교 대학원 토목공학과 졸업(공학박사),(전)대한전문건설협회 중앙회 회장(현)제20대 국회의원,"58,490(56.88)"
지역구,증평군진천군음성군,해당없음,더불어민주당,http://info.nec.go.kr/photo_20200415/Gsg4310/Hb100137232/gicho/thumbnail.100137232.JPG,임호선(林昊宣),남,1964.09.27(55세),충청북도 진천군 초평면 은암길,정당인,건국대학교 대학원 졸업(법학석사),(전)경찰청 본청 차장(전)청와대 비서실 행정관,"54,126(50.68)"
지역구,천안시갑,해당없음,더불어민주당,http://info.nec.go.kr/photo_20200415/Gsg4418/Hb100136766/gicho/thumbnail.100136766.JPG,문진석(文振碩),남,1962.02.12(58세),충청남도 천안시 동남구 터미널6길,단국대학교 초빙교수,서울과학기술대학교 에너지환경대학원 박사과정 수료,(전)충청남도지사 비서실장(현)대통령직속 균형발전위원회 국민소통위원,"45,999(49.34)"
지역구,천안시을,해당없음,더불어민주당,http://info.nec.go.kr/photo_20200415/Gsg4417/Hb100136702/gicho/thumbnail.100136702.JPG,박완주(朴完柱),남,1966.11.10(53세),충청남도 천안시 서북구 성환읍 성환1로,국회의원,성균관대학교 한국철학과 졸업,(현)천안시을 국회의원(전)더불어민주당 원내수석부대표,"78,223(58.83)"
지역구,천안시병,해당없음,더불어민주당,http://info.nec.go.kr/photo_20200415/Gsg4418/Hb100137353/gicho/thumbnail.100137353.JPG,이정문(李楨文),남,1973.01.05(47세),충청남도 천안시 서북구 월봉1길,변호사,한양대학교 법과대학 법학과 졸업,(현)천안시 고문변호사(현)더불어민주당 정책위원회 부의장,"43,118(48.01)"
지역구,공주시부여군청양군,해당없음,미래통합당,http://info.nec.go.kr/photo_20200415/Gsg4402/Hb100137134/gicho/thumbnail.100137134.JPG,정진석(鄭鎭碩),남,1960.09.04(59세),충청남도 공주시 관골1길,제20대 국회의원,고려대학교 정치외교학과 졸업,(전)새누리당 원내대표(현)국회의원,"57,487(48.65)"
지역구,보령시서천군,해당없음,미래통합당,http://info.nec.go.kr/photo_20200415/Gsg4403/Hb100137310/gicho/thumbnail.100137310.JPG,김태흠(金泰欽),남,1963.01.11(57세),충청남도 보령시 웅천읍 신기2길,국회의원,서강대학교 공공정책대학원 사회복지정책학과 졸업(행정학석사),(현)제20대 국회의원(전)자유한국당 최고위원,"46,405(50.86)"
지역구,아산시갑,해당없음,미래통합당,http://info.nec.go.kr/photo_20200415/Gsg4404/Hb100137308/gicho/thumbnail.100137308.JPG,이명수(李明洙),남,1955.02.11(65세),충청남도 아산시 모종로,국회의원,성균관대학교 대학원 행정학과 졸업(행정학박사),(전)국회 보건복지위원회 위원장(현)국회의원,"38,167(49.82)"
지역구,아산시을,해당없음,더불어민주당,http://info.nec.go.kr/photo_20200415/Gsg4404/Hb100137604/gicho/thumbnail.100137604.JPG,강훈식(姜勳植),남,1973.10.24(46세),충청남도 아산시 배방읍 광장로,국회의원,건국대학교 경영정보학과 졸업,(현)제20대 국회의원(현)더불어민주당 수석대변인,"45,338(59.71)"
지역구,서산시태안군,해당없음,미래통합당,http://info.nec.go.kr/photo_20200415/Gsg4405/Hb100137547/gicho/thumbnail.100137547.JPG,성일종(成一鍾),남,1963.03.19(57세),충청남도 서산시 석림4로,서산·태안 국회의원,광운대학교 대학원 환경공학과 졸업(공학박사),(현)미래통합당 원내대변인(현)미세먼지 문제 해결을 위한 국가기후환경회의 위원,"66,917(52.69)"
지역구,논산시계룡시금산군,해당없음,더불어민주당,http://info.nec.go.kr/photo_20200415/Gsg4409/Hb100137086/gicho/thumbnail.100137086.JPG,김종민(金鍾民),남,1964.05.12(55세),충청남도 논산시 시민로258번길,국회의원,서울대학교 인문대학 국어국문학과 졸업,(전)청와대 대변인(현)논산시계룡시금산군 국회의원,"58,319(51.01)"
지역구,당진시,해당없음,더불어민주당,http://info.nec.go.kr/photo_20200415/Gsg4416/Hb100136656/gicho/thumbnail.100136656.JPG,어기구(魚基龜),남,1963.01.10(57세),충청남도 당진시 밤절로,제20대 국회의원,"오스트리아 빈 경제대학교 졸업(사회경제학 박사, 2000.5 ~ 2002.2)",(전)더불어민주당 원내부대표(현)더불어민주당 충남도당 위원장,"38,535(47.66)"
지역구,홍성군예산군,해당없음,미래통합당,http://info.nec.go.kr/photo_20200415/Gsg4413/Hb100137597/gicho/thumbnail.100137597.JPG,홍문표(洪文杓),남,1947.10.05(72세),충청남도 홍성군 홍성읍 내포로146번길,국회의원,한양대학교행정대학원 사회복지학과 졸업(행정학 석사),(전)국회예산결산특별위원회 위원장(현)국회교육위원회 위원장,"51,997(53.95)"
지역구,전주시갑,해당없음,더불어민주당,http://info.nec.go.kr/photo_20200415/Gsg4501/Hb100134742/gicho/thumbnail.100134742.JPG,김윤덕(金潤德),남,1966.05.23(53세),전라북도 전주시 완산구 서원로,정당인,전북대학교 상과대학 회계학과 졸업,(전) 문재인대통령후보 전북공동상임선대위원장(전) 제19대 국회의원,"67,849(73.57)"
지역구,전주시을,해당없음,더불어민주당,http://info.nec.go.kr/photo_20200415/Gsg4501/Hb100135891/gicho/thumbnail.100135891.JPG,이상직(李相稷),남,1963.01.30(57세),전라북도 전주시 완산구 새터로,정당인,고려대학교 경영대학원 졸업(경영학 석사),(전) 중소벤처기업진흥공단 이사장(전) 문재인대통령 직속 일자리위원회 위원,"67,568(62.54)"
지역구,전주시병,해당없음,더불어민주당,http://info.nec.go.kr/photo_20200415/Gsg4502/Hb100135939/gicho/thumbnail.100135939.JPG,김성주(金成柱),남,1964.04.10(56세),전라북도 전주시 덕진구 태진로,정당인,서울대학교 인문대학 국사학과 졸업,(전)국민연금공단 이사장(전)제19대 국회의원,"104,039(66.65)"
지역구,군산시,해당없음,더불어민주당,http://info.nec.go.kr/photo_20200415/Gsg4503/Hb100134930/gicho/thumbnail.100134930.JPG,신영대(申榮大),남,1968.01.15(52세),전라북도 군산시 공단대로,정당인,전북대학교 대학원 경영학과 박사과정 수료,(전)노무현 대통령비서실 청와대 행정관(현)대통령직속 국가균형발전위원회 전문위원,"88,857(59.24)"
지역구,익산시갑,해당없음,더불어민주당,http://info.nec.go.kr/photo_20200415/Gsg4505/Hb100134609/gicho/thumbnail.100134609.JPG,김수흥(金洙興),남,1961.04.29(58세),전라북도 익산시 선화로10길,정당인,성균관대학교 국정관리대학원 행정학과 졸업 (행정학박사),(전)국회사무처 사무차장(전)국회예산결산특별위원회 수석전문위원,"59,043(79.63)"
지역구,익산시을,해당없음,더불어민주당,http://info.nec.go.kr/photo_20200415/Gsg4505/Hb100135024/gicho/thumbnail.100135024.JPG,한병도(韓秉道),남,1967.12.07(52세),전라북도 익산시 하나로,정당인,원광대학교 신문방송학과 졸업,(전)문재인정부 대통령 비서실 정무수석비서관(전)문재인 대통령 외교(이라크 특임) 특별보좌관,"56,982(72.59)"
지역구,정읍시고창군,해당없음,더불어민주당,http://info.nec.go.kr/photo_20200415/Gsg4507/Hb100134615/gicho/thumbnail.100134615.JPG,윤준병(尹準炳),남,1961.03.03(59세),전라북도 정읍시 중앙로,정당인,서울대학교 독어독문학과 졸업(경제학 부전공),(전)서울시 행정1부시장(현)더불어민주당 정읍고창지역위원장,"65,082(69.78)"
지역구,남원시임실군순창군,해당없음,무소속,http://info.nec.go.kr/photo_20200415/Gsg4508/Hb100136974/gicho/thumbnail.100136974.JPG,이용호(李容鎬),남,1960.03.20(60세),전라북도 남원시 용성로,국회의원,서울대학교 산업공학과 졸업,"(현)국회의원(현)국회 국토교통위원회, 국회 예산결산특별위원회 위원","43,118(49.49)"
지역구,김제시부안군,해당없음,더불어민주당,http://info.nec.go.kr/photo_20200415/Gsg4509/Hb100134606/gicho/thumbnail.100134606.JPG,이원택(李源澤),남,1970.01.25(50세),전라북도 김제시 도작로,정당인,전북대학교 화학공업공학과 졸업,(전) 문재인대통령 비서실  행정관(전) 전라북도 정무부지사,"51,981(66.68)"
지역구,완주군진안군무주군장수군,해당없음,더불어민주당,http://info.nec.go.kr/photo_20200415/Gsg4510/Hb100136427/gicho/thumbnail.100136427.JPG,안호영(安浩永),남,1965.10.11(54세),전라북도 완주군 봉동읍 둔산1로,국회의원,연세대학교 법과대학 법학과 졸업,(현) 제20대 국회의원(현) 더불어민주당 전라북도당위원장,"56,998(56.89)"
지역구,목포시,해당없음,더불어민주당,http://info.nec.go.kr/photo_20200415/Gsg4601/Hb100134665/gicho/thumbnail.100134665.JPG,김원이(金元二),남,1968.11.11(51세),전라남도 목포시 포미로,정당인,성균관대학교 인문대학 사학과 졸업,(전)서울특별시 정무부시장(전)김대중 대통령 청와대 행정관,"62,065(48.76)"
지역구,여수시갑,해당없음,더불어민주당,http://info.nec.go.kr/photo_20200415/Gsg4602/Hb100135153/gicho/thumbnail.100135153.JPG,주철현(朱哲鉉),남,1959.03.12(61세),전라남도 여수시 여서1로,변호사,성균관대학교 법학과 졸업,(전)여수시장(현)더불어민주당 여수갑지역위원장,"48,410(64.44)"
지역구,여수시을,해당없음,더불어민주당,http://info.nec.go.kr/photo_20200415/Gsg4602/Hb100134970/gicho/thumbnail.100134970.JPG,김회재(金會在),남,1962.11.24(57세),전라남도 여수시 무선로,변호사,연세대학교 법과대학 법학과 졸업,(전)광주지방검찰청 검사장(현)더불어민주당 정책위부의장,"55,273(71.58)"
지역구,순천시광양시곡성군구례군갑,해당없음,더불어민주당,http://info.nec.go.kr/photo_20200415/Gsg4604/Hb100137543/gicho/thumbnail.100137543.JPG,소병철(蘇秉哲),남,1958.02.15(62세),전라남도 순천시 오천2길,순천대학교 석좌교수,서울대학교 법과대학 법학과 졸업,(전)고등검사장(현)더불어민주당중앙선대위 법률지원단장,"78,480(58.56)"
지역구,순천시광양시곡성군구례군을,해당없음,더불어민주당,http://info.nec.go.kr/photo_20200415/Gsg4607/Hb100135274/gicho/thumbnail.100135274.JPG,서동용(徐東榕),남,1964.09.02(55세),전라남도 광양시 광양읍 용강4길,변호사,연세대학교 행정학과 졸업,(현)민주사회를 위한 변호사회(민변)변호사(전)더불어민주당 정책위원회 부의장,"92,442(64.75)"
지역구,나주시화순군,해당없음,더불어민주당,http://info.nec.go.kr/photo_20200415/Gsg4606/Hb100135257/gicho/thumbnail.100135257.JPG,신정훈(辛正勳),남,1964.12.06(55세),전라남도 나주시 왕곡면 장산길,정당인,고려대학교 정경대학 신문방송학과 졸업,(전)더불어민주당 국회의원(전)문재인대통령 청와대 비서관,"75,586(78.80)"
지역구,담양군함평군영광군장성군,해당없음,더불어민주당,http://info.nec.go.kr/photo_20200415/Gsg4622/Hb100137616/gicho/thumbnail.100137616.JPG,이개호(李介昊),남,1959.06.23(60세),전라남도 담양군 금성면 반디길,국회의원,전남대학교 상과대학 경영학과 졸업,(현)더불어민주당 국회의원(전)농림축산식품부 장관,"86,315(81.95)"
지역구,고흥군보성군장흥군강진군,해당없음,더불어민주당,http://info.nec.go.kr/photo_20200415/Gsg4615/Hb100135022/gicho/thumbnail.100135022.JPG,김승남(金承南),남,1966.10.06(53세),전라남도 고흥군 풍양면 천마로,정당인,"전남대학교 행정대학원 졸업(행정학석사, 지방자치전공)",(현)더불어민주당 고흥보성장흥강진 지역위원장(전)19대 국회의원,"72,772(62.81)"
지역구,해남군완도군진도군,해당없음,더불어민주당,http://info.nec.go.kr/photo_20200415/Gsg4618/Hb100134641/gicho/thumbnail.100134641.JPG,윤재갑(尹才鉀),남,1955.02.10(65세),전라남도 해남군 해남읍 녹우당길,정당인,경남대학교 경영대학원 졸업(경영학 석사),(현)더불어민주당 전남도당 해남·완도·진도 지역위원장(전)해군 군수사령관,"59,613(67.50)"
지역구,영암군무안군신안군,해당없음,더불어민주당,http://info.nec.go.kr/photo_20200415/Gsg4621/Hb100137097/gicho/thumbnail.100137097.JPG,서삼석(徐參錫),남,1959.08.03(60세),전라남도 무안군 무안읍 창포로,국회의원,전남대학교 일반대학원 졸업 (NGO학 박사),(전)민선 3·4·5기 무안군수(현)제20대 국회의원(영암군무안군신안군),"74,661(76.96)"
지역구,포항시북구,해당없음,미래통합당,http://info.nec.go.kr/photo_20200415/Gsg4701/Hb100137384/gicho/thumbnail.100137384.JPG,김정재(金汀才),여,1966.02.15(54세),경상북도 포항시 북구 대안길,국회의원,프랭클린피어스법과 대학원 졸업(J.D 2001.8.~2004.5.),(현)제20대 국회의원(포항시북구/미래통합당)(현)미래통합당 원내대변인,"98,905(64.78)"
지역구,포항시남구울릉군,해당없음,미래통합당,http://info.nec.go.kr/photo_20200415/Gsg4702/Hb100136815/gicho/thumbnail.100136815.JPG,김병욱(金炳旭),남,1977.04.30(42세),경상북도 포항시 남구 연일읍 중명길,정당인,연세대학교 행정대학원(지방자치·도시행정전공) 졸업 (행정학석사),(전)국회의원 보좌관(전)새누리당 대통령선거 중앙선대위 종합상황실 정세분석단 팀장,"74,794(55.83)"
지역구,경주시,해당없음,미래통합당,http://info.nec.go.kr/photo_20200415/Gsg4704/Hb100136786/gicho/thumbnail.100136786.JPG,김석기(金碩基),남,1954.08.06(65세),경상북도 경주시 용담로,국회의원,동국대학교 행정대학원 공안행정학과 경찰행정전공 행정학석사,(전) 한국공항공사 사장(전) 서울지방경찰청장,"77,102(52.67)"
지역구,김천시,해당없음,미래통합당,http://info.nec.go.kr/photo_20200415/Gsg4705/Hb100137462/gicho/thumbnail.100137462.JPG,송언석(宋彦錫),남,1963.05.16(56세),경상북도 김천시 평화순환길,국회의원,뉴욕주립대학교 버팔로 경제학박사(1994.8월~2001.6월),(전)기획재정부 2차관(현)제20대 국회의원,"59,993(74.52)"
지역구,안동시예천군,해당없음,미래통합당,http://info.nec.go.kr/photo_20200415/Gsg4706/Hb100137455/gicho/thumbnail.100137455.JPG,김형동(金亨東),남,1975.03.25(45세),경상북도 안동시 제비원로,변호사,서울대학교 사회과학대학 언론정보학과 졸업,(현)법무법인 중앙법률원 대표 변호사(현)노동법이론 실무학회 이사,"58,183(47.10)"
지역구,구미시갑,해당없음,미래통합당,http://info.nec.go.kr/photo_20200415/Gsg4707/Hb100135369/gicho/thumbnail.100135369.JPG,구자근(具滋根),남,1967.10.09(52세),경상북도 구미시 낙동강변로,기업인,동국대학교 대학원 법학과 졸업(법학석사),(현)(주)태웅 사장 / CEO(전)제9·10대 경상북도의회 의원,"73,339(65.57)"
지역구,구미시을,해당없음,미래통합당,http://info.nec.go.kr/photo_20200415/Gsg4707/Hb100137509/gicho/thumbnail.100137509.JPG,김영식(金英植),남,1959.07.18(60세),경상북도 구미시 해마루공원로,교수,Pennsylvania State Univ. 대학원 기계공학과 졸업[공학박사](1988.09~1992.12),(전)금오공과대학교 총장(전)창업진흥원 초대 이사장,"54,457(56.43)"
지역구,영주시영양군봉화군울진군,해당없음,미래통합당,http://info.nec.go.kr/photo_20200415/Gsg4708/Hb100135067/gicho/thumbnail.100135067.JPG,박형수(朴亨修),남,1965.10.20(54세),경상북도 울진군 울진읍 월변5길,변호사,서울대학교 사법학과 졸업,(전)대구지방검찰청 부장검사(현)미래통합당 법률자문위원,"68,026(55.83)"
지역구,영천시청도군,해당없음,미래통합당,http://info.nec.go.kr/photo_20200415/Gsg4709/Hb100136566/gicho/thumbnail.100136566.JPG,이만희(李晩熙),남,1963.12.11(56세),경상북도 영천시 고경면 거곡로,제20대 국회의원(영천시청도군/미래통합당),고려대학교 정책대학원 졸업(행정학 석사),(현)제20대 국회 미래통합당 원내대변인(전)경기지방경찰청 청장,"57,580(64.63)"
지역구,상주시문경시,해당없음,미래통합당,http://info.nec.go.kr/photo_20200415/Gsg4710/Hb100137523/gicho/thumbnail.100137523.JPG,임이자(林利子),여,1964.03.05(56세),경상북도 상주시 동수4길,국회의원,고려대학교 노동대학원 법학석사(노동법),(현)국회의원(현)국회 환경노동위원회 미래통합당 간사,"65,558(64.80)"
지역구,경산시,해당없음,미래통합당,http://info.nec.go.kr/photo_20200415/Gsg4713/Hb100135773/gicho/thumbnail.100135773.JPG,윤두현(尹斗鉉),남,1961.05.12(58세),경상북도 경산시 대학로9길,정당인,경북대학교 인문대학 영어영문학과 졸업,(전)대통령비서실 홍보수석 비서관(전)자유한국당 경산시 당원협의회 위원장,"88,684(63.75)"
지역구,군위군의성군청송군영덕군,해당없음,미래통합당,http://info.nec.go.kr/photo_20200415/Gsg4719/Hb100137737/gicho/thumbnail.100137737.JPG,김희국(金熙國),남,1958.10.20(61세),경상북도 의성군 의성읍 문소3길,정당인,광운대학교 대학원 법학과 졸업(법학 박사),(전)국토해양부 제2차관(전)제19대 국회의원,"71,532(79.30)"
지역구,고령군성주군칠곡군,해당없음,미래통합당,http://info.nec.go.kr/photo_20200415/Gsg4717/Hb100134654/gicho/thumbnail.100134654.JPG,정희용(鄭熙溶),남,1976.10.01(43세),경상북도 칠곡군 왜관읍 군청4길,정당인,경북대학교 대학원 정치학과 졸업,(현)미래통합당 고령군성주군칠곡군 당원협의회 조직위원장(전)이철우 경북도지사 경제특보,"65,236(62.71)"
지역구,창원시의창구,해당없음,미래통합당,http://info.nec.go.kr/photo_20200415/Gsg4821/Hb100137054/gicho/thumbnail.100137054.JPG,박완수(朴完洙),남,1955.08.10(64세),경상남도 창원시 의창구 북면 감계로,국회의원,경남대학교 대학원 행정학과 졸업(행정학박사),"(전) 민선3.4기 창원시장,초대통합 창원시장(현) 20대 국회의원","88,718(59.04)"
지역구,창원시성산구,해당없음,미래통합당,http://info.nec.go.kr/photo_20200415/Gsg4822/Hb100134709/gicho/thumbnail.100134709.JPG,강기윤(姜起潤),남,1960.06.04(59세),경상남도 창원시 성산구 창이대로,정당인,창원대학교 대학원 졸업(행정학 박사),(전)19대 국회의원(현)미래통합당 경남도당 민생위원회 위원장,"61,782(47.30)"
지역구,창원시마산합포구,해당없음,미래통합당,http://info.nec.go.kr/photo_20200415/Gsg4823/Hb100134856/gicho/thumbnail.100134856.JPG,최형두(崔炯斗),남,1962.10.23(57세),경상남도 창원시 마산합포구 서성로,정당인,하버드대학교 케네디 행정대학원 행정학 석사 졸업(2001. 7. ~ 2002. 6.),(전)국회 대변인(전)청와대 홍보기획비서관,"64,706(62.96)"
지역구,창원시마산회원구,해당없음,미래통합당,http://info.nec.go.kr/photo_20200415/Gsg4824/Hb100135282/gicho/thumbnail.100135282.JPG,윤한홍(尹漢洪),남,1962.11.01(57세),경상남도 창원시 마산회원구 양덕서로,국회의원,서울대학교 행정대학원 졸업(행정학석사),(전)경상남도 행정부지사(전)대통령실 행정자치 비서관,"64,581(56.42)"
지역구,창원시진해구,해당없음,미래통합당,http://info.nec.go.kr/photo_20200415/Gsg4825/Hb100134965/gicho/thumbnail.100134965.JPG,이달곤(李達坤),남,1953.09.11(66세),경상남도 창원시 진해구 천자로,서울대학교 명예교수,하버드대학교 정책학박사(1985.9.1~1987.6.30),(전)행정안전부 장관(전)청와대 정무수석비서관,"52,000(50.22)"
지역구,진주시갑,해당없음,미래통합당,http://info.nec.go.kr/photo_20200415/Gsg4803/Hb100137237/gicho/thumbnail.100137237.JPG,박대출(朴大出),남,1961.03.18(59세),경상남도 진주시 석갑로53번길,국회의원,연세대학교 행정대학원 외교안보전공 석사 과정 졸업,(현)국회의원(현)국회 코로나19 대책 특위 위원,"60,112(54.75)"
지역구,진주시을,해당없음,미래통합당,http://info.nec.go.kr/photo_20200415/Gsg4803/Hb100136233/gicho/thumbnail.100136233.JPG,강민국(姜旻局),남,1971.03.03(49세),경상남도 진주시 도동천로,정당인,경남대학교 대학원 법학과 졸업(법학박사),(전)경상남도 정무보좌역(전)제10·11대 경상남도의회의원,"50,217(59.02)"
지역구,통영시고성군,해당없음,미래통합당,http://info.nec.go.kr/photo_20200415/Gsg4805/Hb100137465/gicho/thumbnail.100137465.JPG,정점식(鄭点植),남,1965.07.15(54세),경상남도 통영시 광도면 죽림5로,국회의원,서울대학교 대학원 법학과 졸업(법학석사),(현)경남 통영시고성군 국회의원(전)대검찰청 공안부장(검사장),"60,314(58.34)"
지역구,사천시남해군하동군,해당없음,미래통합당,http://info.nec.go.kr/photo_20200415/Gsg4807/Hb100134659/gicho/thumbnail.100134659.JPG,하영제(河榮帝),남,1954.02.25(66세),경상남도 사천시 사남면 조동길,정당인,동국대학교 대학원 행정학과 졸업(행정학 박사),(전)농림수산식품부 제2차관(전)산림청장,"71,620(59.59)"
지역구,김해시갑,해당없음,더불어민주당,http://info.nec.go.kr/photo_20200415/Gsg4808/Hb100137280/gicho/thumbnail.100137280.JPG,민홍철(閔洪喆),남,1961.04.18(58세),경상남도 김해시 삼계로,정당인,부산대학교 대학원 법학과 졸업(법학석사),(현)제20대 더불어민주당 국회의원(전)국방부 고등군사법원 법원장(육군준장),"70,094(51.06)"
지역구,김해시을,해당없음,더불어민주당,http://info.nec.go.kr/photo_20200415/Gsg4808/Hb100137468/gicho/thumbnail.100137468.JPG,김정호(金禎鎬),남,1960.06.18(59세),경상남도 김해시 부곡로,국회의원,부산대학교 경제학과 졸업,(현)국회의원(전)대통령비서실 기록관리비서관,"71,634(49.67)"
지역구,밀양시의령군함안군창녕군,해당없음,미래통합당,http://info.nec.go.kr/photo_20200415/Gsg4809/Hb100135882/gicho/thumbnail.100135882.JPG,조해진(曺海珍),남,1963.08.04(56세),경상남도 밀양시 무안면 서부2길,정당인,서울대학교 대학원 졸업(법학 석사),"(전)18, 19대 국회의원(전)새누리당 원내수석부대표","102,210(68.00)"
지역구,거제시,해당없음,미래통합당,http://info.nec.go.kr/photo_20200415/Gsg4810/Hb100134987/gicho/thumbnail.100134987.JPG,서일준(徐一俊),남,1965.05.10(54세),경상남도 거제시 중곡로,정당인,서울시립대학교 일반대학원 행정학과 졸업(행정학 박사),(전)거제시 부시장(전)대통령실 행정관,"65,746(50.89)"
지역구,양산시갑,해당없음,미래통합당,http://info.nec.go.kr/photo_20200415/Gsg4814/Hb100136516/gicho/thumbnail.100136516.JPG,윤영석(尹永碩),남,1964.10.07(55세),경상남도 양산시 물금읍 야리로,국회의원,"듀크대학교 대학원 (국제발전정책학 전공)졸업, (문학석사,2002.7~2004.5)",(현)국회의원(전)자유한국당 수석대변인,"57,301(56.99)"
지역구,양산시을,해당없음,더불어민주당,http://info.nec.go.kr/photo_20200415/Gsg4814/Hb100136985/gicho/thumbnail.100136985.JPG,김두관(金斗官),남,1959.04.10(61세),경상남도 양산시 삼호로,국회의원,동아대학교 정치외교학과 졸업,(전)제5대 행정자치부 장관(현)제20대 국회의원,"44,218(48.94)"
지역구,산청군함양군거창군합천군,해당없음,무소속,http://info.nec.go.kr/photo_20200415/Gsg4819/Hb100134569/gicho/thumbnail.100134569.JPG,김태호(金台鎬),남,1962.08.21(57세),경상남도 거창군 거창읍 송정2길,정치인,서울대학교 대학원 졸업(교육학박사),(전)제32·제33대 경상남도도지사(전)제18·제19대 국회의원,"49,123(42.59)"
지역구,제주시갑,해당없음,더불어민주당,http://info.nec.go.kr/photo_20200415/Gsg4901/Hb100137235/gicho/thumbnail.100137235.JPG,송재호(宋在祜),남,1960.12.20(59세),제주특별자치도 제주시 정존3길,정당인,경기대학교 대학원 졸업(경영학 박사),(전)대통령직속 국가균형발전위원회 위원장(전)제주대학교 교수,"61,626(48.70)"
지역구,제주시을,해당없음,더불어민주당,http://info.nec.go.kr/photo_20200415/Gsg4901/Hb100136972/gicho/thumbnail.100136972.JPG,오영훈(吳怜勳),남,1968.12.14(51세),제주특별자치도 제주시 신산로15길,제20대 더불어민주당 제주시을 국회의원,제주대학교 경영대학원 졸업(경영학석사),(전)더불어민주당 원내대변인(현)더불어민주당 정책위원회 상임부의장,"67,206(55.35)"
지역구,서귀포시,해당없음,더불어민주당,http://info.nec.go.kr/photo_20200415/Gsg4902/Hb100136997/gicho/thumbnail.100136997.JPG,위성곤(魏聖坤),남,1968.01.20(52세),제주특별자치도 서귀포시 태평로,국회의원,제주대학교 농과대학 졸업,"(현) 제20대 국회의원(전) 제주특별자치도의회 제 8,9,10대 의원","53,345(55.48)"
비례,해당없음,1,미래한국당,http://info.nec.go.kr/photo_20200415/Gsg1/Hb100138077/gicho/thumbnail.100138077.JPG,윤주경(尹柱卿),여,1959.05.03(60세),서울특별시 동작구 상도로13길,(사)매헌윤봉길 월진회 이사,이화여자대학교 대학원 화학과 졸업(이학석사),(전)독립기념관 관장(전)대통령소속 국민대통합위원회 위원,
비례,해당없음,2,미래한국당,http://info.nec.go.kr/photo_20200415/Gsg1/Hb100138078/gicho/thumbnail.100138078.JPG,윤창현(尹暢賢),남,1960.07.28(59세),서울특별시 서초구 사평대로28길,서울시립대 경영학부 교수,"시카고대학교 대학원 경제학과 졸업(경제학 박사, 1987.9.~1993.8.)",(전)한국금융연구원장(전)공적자금관리위원회 민간위원장,
비례,해당없음,3,미래한국당,http://info.nec.go.kr/photo_20200415/Gsg1/Hb100138079/gicho/thumbnail.100138079.JPG,한무경(韓茂景),여,1958.05.20(61세),대구광역시 수성구 청호로,기업인,이화여자대학교 대학원 문헌정보학과 졸업(박사),(전)한국여성경제인협회장(현)효림그룹 회장,
비례,해당없음,4,미래한국당,http://info.nec.go.kr/photo_20200415/Gsg1/Hb100138080/gicho/thumbnail.100138080.JPG,이종성(李鍾成),남,1970.02.17(50세),서울특별시 도봉구 방학로,사회복지사,중앙대학교 사회개발대학원 사회복지학과 졸업(석사과정),(전)사)한국지체장애인협회 사무총장(현)한국장애인고용공단 비상임이사,
비례,해당없음,5,미래한국당,http://info.nec.go.kr/photo_20200415/Gsg1/Hb100138081/gicho/thumbnail.100138081.JPG,조수진(趙修眞),여,1972.06.19(47세),서울특별시 용산구 이촌로,미래한국당 대변인,고려대학교 불어불문학과 졸업(학사),(전)동아일보 논설위원(전)동아일보 부장,
비례,해당없음,6,미래한국당,http://info.nec.go.kr/photo_20200415/Gsg1/Hb100138082/gicho/thumbnail.100138082.JPG,조태용(趙太庸),남,1956.08.29(63세),서울특별시 용산구 회나무로42길,외교안보 칼럼리스트,서울대학교 정치학과 졸업(학사),(전)외교부 1차관(전)국가안보실 1차장,
비례,해당없음,7,미래한국당,http://info.nec.go.kr/photo_20200415/Gsg1/Hb100138083/gicho/thumbnail.100138083.JPG,정경희(丁慶姬),여,1958.01.26(62세),경상남도 양산시 진등길,대학교수,서울대학교 대학원 서양사학과 졸업(박사),(전)국사편찬위원(현)영산대학교 교수,
비례,해당없음,8,미래한국당,http://info.nec.go.kr/photo_20200415/Gsg1/Hb100138084/gicho/thumbnail.100138084.JPG,신원식(申源湜),남,1958.07.24(61세),서울특별시 성동구 독서당로,무직,국민대학교 대학원 경영학과 졸업(경영학 박사),(전)합동참모본부 합동참모차장(전)육군 수도방위사령관,
비례,해당없음,9,미래한국당,http://info.nec.go.kr/photo_20200415/Gsg1/Hb100138085/gicho/thumbnail.100138085.JPG,조명희(曺明姬),여,1955.09.14(64세),대구광역시 동구 파계로,경북대 항공위성시스템 전공 교수,"일본 도카이대학교 해양공학과 졸업(공학박사, 1996.9.~1998.9.)",(전)국가과학기술위원회 위원(현)경북대학교 항공위성시스템학과 교수,
비례,해당없음,10,미래한국당,http://info.nec.go.kr/photo_20200415/Gsg1/Hb100138086/gicho/thumbnail.100138086.JPG,박대수(朴大壽),남,1960.08.30(59세),서울특별시 영등포구 도신로4길,노동운동가,한국항공대학교 항공경영대학원 항공경영 졸업(석사),"(전)한국노총 25,26대 상임부위원장(전)한국노총 서울지역본부 16,17,18대 의장",
비례,해당없음,11,미래한국당,http://info.nec.go.kr/photo_20200415/Gsg1/Hb100138087/gicho/thumbnail.100138087.JPG,김예지(金睿智),여,1980.12.13(39세),서울특별시 용산구 백범로79길,피아니스트,"위스콘신대학교-매디슨 음악예술학과 졸업(박사, 2010.9.~2014.5.)",(전)유니온 앙상블 예술감독(현)한국장애예술인협회 이사,
비례,해당없음,12,미래한국당,http://info.nec.go.kr/photo_20200415/Gsg1/Hb100138088/gicho/thumbnail.100138088.JPG,지성호(池成浩),남,1982.04.03(38세),서울특별시 마포구 월드컵로,정치인,동국대학교 대학원 법학과 졸업(석사과정),(전)NAUH(나우) 대표이사(전)2018 미국무부 초청 차세대지도자과정 IVLP 수료,
비례,해당없음,13,미래한국당,http://info.nec.go.kr/photo_20200415/Gsg1/Hb100138089/gicho/thumbnail.100138089.JPG,이영(李永),여,1969.06.06(50세),서울특별시 서초구 방배선행길,벤처기업가(CEO),한국과학기술원(KAIST) 수학과 졸업(이학석사),(전)(사)한국여성벤처협회 회장(현)한국저작권보호원 이사,
비례,해당없음,14,미래한국당,http://info.nec.go.kr/photo_20200415/Gsg1/Hb100138090/gicho/thumbnail.100138090.JPG,최승재(崔承宰),남,1967.07.11(52세),경기도 용인시 수지구 상현로,소상공인생존권 운동연대 대표,양서종합고등학교 졸업,(전)소상공인 연합회 회장(현)전국소상공인살리기운동본부 대표,
비례,해당없음,15,미래한국당,http://info.nec.go.kr/photo_20200415/Gsg1/Hb100138091/gicho/thumbnail.100138091.JPG,전주혜(全珠惠),여,1966.07.15(53세),서울특별시 서초구 잠원로14길,변호사,서울대학교 법과대학 사법학과 졸업(학사),(전)서울중앙지방법원 부장판사(현)한국여성변호사회 부회장,
비례,해당없음,16,미래한국당,http://info.nec.go.kr/photo_20200415/Gsg1/Hb100138092/gicho/thumbnail.100138092.JPG,정운천(鄭雲天),남,1954.04.10(66세),전라북도 전주시 완산구 삼천천변1길,제20대 국회의원,고려대학교 농업경제학과 졸업(학사),(전)농림수산식품부 장관(현)미래한국당 최고위원,
비례,해당없음,17,미래한국당,http://info.nec.go.kr/photo_20200415/Gsg1/Hb100138093/gicho/thumbnail.100138093.JPG,서정숙(徐正淑),여,1953.02.18(67세),경기도 용인시 수지구 진산로,약사,이화여자대학교 약학과 학사,(전)한국여약사회 9대 회장(현)(사)국민통합 이사장,
비례,해당없음,18,미래한국당,http://info.nec.go.kr/photo_20200415/Gsg1/Hb100138094/gicho/thumbnail.100138094.JPEG,이용(李鏞),남,1978.06.23(41세),경기도 하남시 미사강변대로,스포츠정책전문가,한국체육대학교 대학원 체육학과 졸업(이학박사),(전)봅슬레이 스켈레톤 국가대표 총감독(현)봅슬레이 스켈레톤 국제연맹 스포츠 위원,
비례,해당없음,19,미래한국당,http://info.nec.go.kr/photo_20200415/Gsg1/Hb100138095/gicho/thumbnail.100138095.JPG,허은아(許垠娥),여,1972.05.26(47세),서울특별시 영등포구 여의나루로,교수,성균관대학교 대학원 경영학과 졸업(박사),(현)한국이미지전략연구소 소장(현)경일대학교 교수,
비례,해당없음,1,더불어시민당,http://info.nec.go.kr/photo_20200415/Gsg1/Hb100137984/gicho/thumbnail.100137984.JPG,신현영(申賢榮),여,1980.11.17(39세),서울특별시 마포구 월드컵북로38길,의사,가톨릭관동대학교 의학박사,(전)대한의사협회 대변인(현)한국여자의사회 법제이사,
비례,해당없음,2,더불어시민당,http://info.nec.go.kr/photo_20200415/Gsg1/Hb100137985/gicho/thumbnail.100137985.JPG,김경만(金京萬),남,1962.09.23(57세),서울특별시 강서구 수명로1길,정당인,한국외국어대학교 영어대학 영어과 졸업,(전)중소기업중앙회 경제정책본부장(현)국세청소통과혁신분과위원장,
비례,해당없음,3,더불어시민당,http://info.nec.go.kr/photo_20200415/Gsg1/Hb100137987/gicho/thumbnail.100137987.JPG,권인숙(權仁淑),여,1964.08.28(55세),서울특별시 종로구 백석동1길,명지대학교 방목기초교육대학 교수,미국 클라크대학 여성학박사(1996.9.~2000.5.),(현)명지대학교 방목기초교육대학 교수(전)한국여성정책연구원장,
비례,해당없음,4,더불어시민당,http://info.nec.go.kr/photo_20200415/Gsg1/Hb100137991/gicho/thumbnail.100137991.JPG,이동주(李東洲),남,1972.09.04(47세),인천광역시 부평구 경원대로,정당인,인천대학교 법학부 4학년 휴학,(전)한국중소상인 자영업자총연합회 부회장(전)중소벤처기업부정책기획위원,
비례,해당없음,5,더불어시민당,http://info.nec.go.kr/photo_20200415/Gsg1/Hb100137994/gicho/thumbnail.100137994.JPG,용혜인(龍慧仁),여,1990.04.12(30세),서울특별시 은평구 갈현로17나길,정당인,경희대학교 정치외교학과 수료,(전)기본소득당 대표(현)경기도기본소득위원회위원,
비례,해당없음,6,더불어시민당,http://info.nec.go.kr/photo_20200415/Gsg1/Hb100137998/gicho/thumbnail.100137998.JPG,조정훈(趙廷訓),남,1972.10.07(47세),서울특별시 동작구 동작대로39길,아주대학교 통일연구소 소장,미국 하버드대학교 케네디스쿨 행정대학원 국제개발행정학 석사(2000.9.~2002.6.),(전)세계은행 우즈베키스탄 사무소 대표(전)대통령직속 북방경제협력위원회 위원,
비례,해당없음,7,더불어시민당,http://info.nec.go.kr/photo_20200415/Gsg1/Hb100138000/gicho/thumbnail.100138000.JPG,윤미향(尹美香),여,1965.02.10(55세),서울특별시 마포구 연남로9길,사회단체 대표,이화여자대학교 사회복지대학원 사회복지학 석사,(전)일본군성노예제해결정의기억연대 이사장(전)전쟁과여성인권박물관 관장,
비례,해당없음,8,더불어시민당,http://info.nec.go.kr/photo_20200415/Gsg1/Hb100138006/gicho/thumbnail.100138006.JPG,정필모(鄭必模),남,1958.06.03(61세),서울특별시 서초구 태봉로2길,정당인,성균관대학교 대학원 언론학박사,(전)KBS 부사장(전)KBS 경제전망대 및 미디어인사이드 앵커,
비례,해당없음,9,더불어시민당,http://info.nec.go.kr/photo_20200415/Gsg1/Hb100138008/gicho/thumbnail.100138008.JPG,양원영(梁媛瑛),여,1971.05.14(48세),서울특별시 종로구 옥인6가길,정당인,독일 라이프치히 경영대학원 경영학 석사(2006.8.~2007.7.),(전)에너지전환포럼 사무처장(전)환경운동연합에너지국처장,
비례,해당없음,10,더불어시민당,http://info.nec.go.kr/photo_20200415/Gsg1/Hb100138013/gicho/thumbnail.100138013.JPG,유정주(兪訂炷),여,1975.12.13(44세),경기도 용인시 처인구 한터로275번길,(주)꽃다지 대표이사,동국대학교 영상대학원 영화영상제작학과 박사과정 수료,(전)(사)한국애니메이션 산업협회 회장(현)대통령소속지식재산위원회민간위원,
비례,해당없음,11,더불어시민당,http://info.nec.go.kr/photo_20200415/Gsg1/Hb100138014/gicho/thumbnail.100138014.JPG,최혜영(崔惠英),여,1979.06.01(40세),서울특별시 구로구 공원로,강동대학교 교수,나사렛대학교 일반대학원 재활학박사,(현)강동대학교 사회복지행정과 교수(현)한국장애인식개선교육센터이사장,
비례,해당없음,12,더불어시민당,http://info.nec.go.kr/photo_20200415/Gsg1/Hb100138015/gicho/thumbnail.100138015.JPG,김병주(金柄周),남,1962.02.07(58세),서울특별시 노원구 공릉로46길,정당인,경기대학교 정치전문대학원 국제정치학 박사(외교안보학과 전공),(전)한미연합사 부사령관(전)더불어민주당 정책위 부의장,
비례,해당없음,13,더불어시민당,http://info.nec.go.kr/photo_20200415/Gsg1/Hb100138016/gicho/thumbnail.100138016.JPG,이수진(李壽珍),여,1969.05.14(50세),서울특별시 중랑구 중랑천로20길,간호사,연세대학교 행정대학원 공공정책학석사 졸업,(전)더불어민주당 최고위원(현)한국노총 전국의료산업노조연맹위원장,
비례,해당없음,14,더불어시민당,http://info.nec.go.kr/photo_20200415/Gsg1/Hb100138017/gicho/thumbnail.100138017.JPG,김홍걸(金弘傑),남,1963.11.12(56세),서울특별시 서초구 신반포로15길,민족화해협력범국민협의회 대표상임의장,미국 서던캘리포니아대학교 국제관계학 졸업(석사)(1994.8.~2000.4.),(현)민족화해협력범국민협의회 대표상임의장,
비례,해당없음,15,더불어시민당,http://info.nec.go.kr/photo_20200415/Gsg1/Hb100138018/gicho/thumbnail.100138018.JPG,양정숙(梁貞淑),여,1965.03.12(55세),서울특별시 강남구 삼성로,변호사,이화여자대학교 대학원 법학박사 수료,(현)대한변호사협회 인권위원(전)더불어민주당 법률위원회 부위원장,
비례,해당없음,16,더불어시민당,http://info.nec.go.kr/photo_20200415/Gsg1/Hb100137986/gicho/thumbnail.100137986.JPG,전용기(田溶冀),남,1991.10.26(28세),경기도 안산시 상록구 후곡3길,정당인,한양대학교 대학원 경영컨설팅학 석사,(전)더불어민주당 전국대학생위원장(현)UN해비타트한국위원회전문위원,
비례,해당없음,17,더불어시민당,http://info.nec.go.kr/photo_20200415/Gsg1/Hb100137989/gicho/thumbnail.100137989.JPG,양경숙(梁敬淑),여,1962.09.06(57세),서울특별시 종로구 송월길,한국재정정책연구원 원장,고려대학교 대학원 행정학박사,(현)한국재정정책연구원 원장(전)더불어민주당 전국여성위원회 부위원장,
비례,해당없음,1,정의당,http://info.nec.go.kr/photo_20200415/Gsg1/Hb100137889/gicho/thumbnail.100137889.JPG,류호정(柳好貞),여,1992.08.09(27세),경기도 성남시 분당구 불정로420번길,정당인,이화여자대학교 사회학과 졸업,(현)정의당 IT산업노동특별위원장(현)정의당 경기도당 여성위원장,
비례,해당없음,2,정의당,http://info.nec.go.kr/photo_20200415/Gsg1/Hb100137892/gicho/thumbnail.100137892.JPG,장혜영(張惠英),여,1987.04.08(33세),서울특별시 마포구 토정로,정당인,연세대학교 신문방송학과 중퇴(2006.03~2011.11),(현)정의당 미래정치특별위원장(현)다큐멘터리 <어른이 되면>감독,
비례,해당없음,3,정의당,http://info.nec.go.kr/photo_20200415/Gsg1/Hb100137895/gicho/thumbnail.100137895.JPG,강은미(姜恩美),여,1970.09.06(49세),광주광역시 서구 화개1로78번길,정당인,전남대학교 해양학과 졸업,(전)광주광역시의원(전)정의당 부대표,
비례,해당없음,4,정의당,http://info.nec.go.kr/photo_20200415/Gsg1/Hb100137900/gicho/thumbnail.100137900.JPG,배진교(裵晋敎),남,1968.08.26(51세),인천광역시 남동구 서판로,정당인,인천대학교 대학원 행정학과 수료,(현)정의당 평화본부 공동본부장(전)인천광역시 남동구청장,
비례,해당없음,5,정의당,http://info.nec.go.kr/photo_20200415/Gsg1/Hb100137905/gicho/thumbnail.100137905.JPG,이은주(李恩周),여,1969.09.02(50세),서울특별시 도봉구 방학로15길,서울교통공사 역무원(차장/4급),성균관대학교 동양철학과 졸업,(현)정의당 시민을위한공공기관특별위원장(전)서울지하철노조 정책실장,
비례,해당없음,1,국민의당,http://info.nec.go.kr/photo_20200415/Gsg1/Hb100137843/gicho/thumbnail.100137843.JPG,최연숙(崔姸淑),여,1960.07.25(59세),대구광역시 수성구 청솔로,간호사,계명대학교 의료경영대학원 졸업(의료경영학석사),(현)(사)대한간호협회 대구광역시병원간호사회 회장(현)계명대학교 동산병원 간호부원장,
비례,해당없음,2,국민의당,http://info.nec.go.kr/photo_20200415/Gsg1/Hb100137844/gicho/thumbnail.100137844.JPG,이태규(李泰珪),남,1964.03.22(56세),경기도 고양시 덕양구 무원로,정당인,연세대학교 행정대학원 졸업(행정학 석사),(현)국민의당 최고위원(전)제20대 국회의원,
비례,해당없음,3,국민의당,http://info.nec.go.kr/photo_20200415/Gsg1/Hb100137846/gicho/thumbnail.100137846.JPG,권은희(權垠希),여,1974.02.15(46세),광주광역시 광산구 월계로,국회의원,연세대학교 대학원 법학과 석사과정 졸업,(현)국회의원(현)국민의당 최고위원,
비례,해당없음,1,열린민주당,http://info.nec.go.kr/photo_20200415/Gsg1/Hb100138059/gicho/thumbnail.100138059.JPG,김진애(金鎭愛),여,1953.02.16(67세),서울특별시 강남구 강남대로122길,도시건축가,매사추세츠 공과대학교(MIT) 대학원 도시계획 박사(1980. 9 - 1988. 2.),(전)제18대 국회의원(민주통합당)(전)대통령자문 건설기술건축문화 선진화위원장(참여정부),
비례,해당없음,2,열린민주당,http://info.nec.go.kr/photo_20200415/Gsg1/Hb100138060/gicho/thumbnail.100138060.JPG,최강욱(崔康旭),남,1968.05.05(51세),경기도 용인시 처인구 양지면 평창로19번길,변호사,서울대학교 법학석사,(전)대통령비서실 공직기강 비서관(전)방송문화진흥회 이사,
비례,해당없음,3,열린민주당,http://info.nec.go.kr/photo_20200415/Gsg1/Hb100138061/gicho/thumbnail.100138061.JPG,강민정(姜旼姃),여,1961.04.26(58세),서울특별시 노원구 상계로26길,교육시민단체 활동가,서울대학교 사범대학 역사교육과 졸업,(현)서울시교육청 혁신학교운영위원회 위원장(전)중학교 교사,